<?xml version="1.0" encoding="UTF-8"?><rss version="2.0"
	xmlns:content="http://purl.org/rss/1.0/modules/content/"
	xmlns:wfw="http://wellformedweb.org/CommentAPI/"
	xmlns:dc="http://purl.org/dc/elements/1.1/"
	xmlns:atom="http://www.w3.org/2005/Atom"
	xmlns:sy="http://purl.org/rss/1.0/modules/syndication/"
	xmlns:slash="http://purl.org/rss/1.0/modules/slash/"
	>

<channel>
	<title>20 &#8211; Views Update</title>
	<atom:link href="/tag/20/feed/" rel="self" type="application/rss+xml" />
	<link></link>
	<description></description>
	<lastBuildDate>Wed, 18 Sep 2024 04:09:00 +0000</lastBuildDate>
	<language>en-US</language>
	<sy:updatePeriod>
	hourly	</sy:updatePeriod>
	<sy:updateFrequency>
	1	</sy:updateFrequency>
	<generator>https://wordpress.org/?v=6.6.2</generator>
	<item>
		<title>Heartfelt Anime Moments Of 2024: 20 Scenes That Touched Our Souls</title>
		<link>/heartfelt-anime-moments-of-2024-20-scenes-that-touched-our-souls/</link>
		
		<dc:creator><![CDATA[Admin]]></dc:creator>
		<pubDate>Wed, 18 Sep 2024 04:09:00 +0000</pubDate>
				<category><![CDATA[Anime]]></category>
		<category><![CDATA[20]]></category>
		<category><![CDATA[2024]]></category>
		<category><![CDATA[anime]]></category>
		<category><![CDATA[heartfelt]]></category>
		<category><![CDATA[moments]]></category>
		<category><![CDATA[our]]></category>
		<category><![CDATA[scenes]]></category>
		<category><![CDATA[souls]]></category>
		<category><![CDATA[that]]></category>
		<category><![CDATA[touched]]></category>
		<guid isPermaLink="false">/heartfelt-anime-moments-of-2024-20-scenes-that-touched-our-souls/</guid>

					<description><![CDATA[Related of Heartfelt Anime Moments of 2024: 20 Scenes That Touched Our Souls Electric 2024...]]></description>
										<content:encoded><![CDATA[<h2 id="related-of-heartfelt-anime-moments-of-2024:-20-scenes-that-touched-our-souls">Related of Heartfelt Anime Moments of 2024: 20 Scenes That Touched Our Souls</h2>
<ul>
<li><a href="/electric-2024-anime-lineup-7-most-thrilling-shows-to-watch/">Electric 2024 Anime Lineup: 7 Most Thrilling Shows To Watch</a></li>
<li><a href="/the-best-new-anime-in-2024-5-explosive-series-you-cant-miss/">The Best New Anime In 2024: 5 Explosive Series You Can&#8217;t Miss</a></li>
<li><a href="/the-5-anime-phenoms-taking-over-2024-must-watch-shows-that-will-blow-your-mind/">The 5 Anime Phenoms Taking Over 2024: Must-Watch Shows That Will Blow Your Mind</a></li>
<li><a href="/electrifying-2024-5-breakout-anime-that-are-rewiring-the-game/">&quot;Electrifying 2024: 5 Breakout Anime That Are Rewiring The Game&quot;</a></li>
<li><a href="/10-life-changing-anime-masterpieces-to-obsess-over-in-2024/">10 Life-Changing Anime Masterpieces To Obsess Over In 2024</a></li>
</ul>
<div id="toc">
<h2>Table of Content</h2>
<ul>
<li><a href="#related-of-heartfelt-anime-moments-of-2024:-20-scenes-that-touched-our-souls">1 Related of Heartfelt Anime Moments of 2024: 20 Scenes That Touched Our Souls</a></li>
<li><a href="#related-video-about-heartfelt-anime-moments-of-2024:-20-scenes-that-touched-our-souls">2 Related Video About Heartfelt Anime Moments of 2024: 20 Scenes That Touched Our Souls</a></li>
</ul>
</div>
<h2 id="related-video-about-heartfelt-anime-moments-of-2024:-20-scenes-that-touched-our-souls">Related Video About Heartfelt Anime Moments of 2024: 20 Scenes That Touched Our Souls</h2>
<p><center></center></p>
<p>Heartfelt Anime Moments of 2024: 20 Scenes That Touched Our Souls</p>
<p><img decoding="async" class="aligncenter" src="https://animecorner.me/wp-content/uploads/2021/09/TYE-1-6.png" alt="Heartfelt Anime Moments of 2024: 20 Scenes That Touched Our Souls" width="600" /></p>
<p>As we navigate the vast and wondrous world of anime, there are moments that leave us breathless, tearful, and ultimately, transformed. These moments are the essence of what makes anime so beloved – they touch our hearts, challenge our perspectives, and remind us of our shared humanity. As we reflect on the anime moments that have left an indelible mark on our souls in 2024, we&#8217;re reminded that even in the most unexpected moments, we can find profound connections and timeless wisdom.</p>
<p>For anime enthusiasts, there&#8217;s no denying that 2024 has been a remarkable year, with a plethora of stunning series and films that have captivated audiences worldwide. From the poignant coming-of-age stories to the epic battles between good and evil, each series has offered something unique and unforgettable. As we delve into the 20 most heartfelt anime moments of 2024, we&#8217;ll embark on a journey of self-discovery, love, loss, and the triumph of the human spirit.</p>
]]></content:encoded>
					
		
		
			</item>
		<item>
		<title>Top 20 Mind-Blowing Anime Shows Of 2024 You Need To Binge-Watch Now</title>
		<link>/top-20-mind-blowing-anime-shows-of-2024-you-need-to-binge-watch-now/</link>
		
		<dc:creator><![CDATA[Admin]]></dc:creator>
		<pubDate>Wed, 11 Sep 2024 12:33:00 +0000</pubDate>
				<category><![CDATA[Anime]]></category>
		<category><![CDATA[20]]></category>
		<category><![CDATA[2024]]></category>
		<category><![CDATA[anime]]></category>
		<category><![CDATA[bingewatch]]></category>
		<category><![CDATA[mindblowing]]></category>
		<category><![CDATA[need]]></category>
		<category><![CDATA[now]]></category>
		<category><![CDATA[shows]]></category>
		<category><![CDATA[to]]></category>
		<category><![CDATA[top]]></category>
		<category><![CDATA[you]]></category>
		<guid isPermaLink="false">/top-20-mind-blowing-anime-shows-of-2024-you-need-to-binge-watch-now/</guid>

					<description><![CDATA[Related of Top 20 Mind-Blowing Anime Shows of 2024 You Need to Binge-Watch Now The...]]></description>
										<content:encoded><![CDATA[<h2 id="related-of-top-20-mind-blowing-anime-shows-of-2024-you-need-to-binge-watch-now">Related of Top 20 Mind-Blowing Anime Shows of 2024 You Need to Binge-Watch Now</h2>
<ul>
<li><a href="/the-insane-anime-boom-for-2024-what-are-the-top-20-shows-to-watch/">The Insane Anime Boom For 2024: What Are The Top 20 Shows To Watch?</a></li>
<li><a href="/2024s-top-10-anime-bombshells-which-fan-favorites-reign-supreme/">2024&#8217;s Top 10 Anime Bombshells: Which Fan Favorites Reign Supreme?</a></li>
<li><a href="/mind-blowing-anime-top-10-shows-dominating-global-charts-in-2024/">Mind-Blowing Anime: Top 10 Shows Dominating Global Charts In 2024</a></li>
<li><a href="/top-7-slice-of-life-anime-that-will-blow-your-mind-in-2024/">&quot;Top 7 Slice Of Life Anime That Will Blow Your Mind In 2024&quot;</a></li>
<li><a href="/epic-top-10-anime-character-showdowns-that-will-leave-you-breathless-in-2024/">Epic Top 10: Anime Character Showdowns That Will Leave You Breathless In 2024</a></li>
</ul>
<div id="toc">
<h2>Table of Content</h2>
<ul>
<li><a href="#related-of-top-20-mind-blowing-anime-shows-of-2024-you-need-to-binge-watch-now">1 Related of Top 20 Mind-Blowing Anime Shows of 2024 You Need to Binge-Watch Now</a></li>
<li><a href="#related-video-about-top-20-mind-blowing-anime-shows-of-2024-you-need-to-binge-watch-now">2 Related Video About Top 20 Mind-Blowing Anime Shows of 2024 You Need to Binge-Watch Now</a></li>
</ul>
</div>
<h2 id="related-video-about-top-20-mind-blowing-anime-shows-of-2024-you-need-to-binge-watch-now">Related Video About Top 20 Mind-Blowing Anime Shows of 2024 You Need to Binge-Watch Now</h2>
<p><center></center></p>
<p>Top 20 Mind-Blowing Anime Shows of 2024 You Need to Binge-Watch Now</p>
<p><img decoding="async" class="aligncenter" src="https://therecenttimes.com/wp-content/uploads/2021/02/top-10-1024x576.jpg" alt="Top 20 Mind-Blowing Anime Shows of 2024 You Need to Binge-Watch Now" width="600" /></p>
<p>As I scrolled through my anime streaming platforms, I couldn&#8217;t help but feel overwhelmed by the sheer number of new shows available. From action-packed adventures to heartwarming romances, there&#8217;s something for everyone. But which ones are truly worth your time? After diving into the world of anime and gathering feedback from fellow enthusiasts, I&#8217;m excited to share my list of the top 20 most-binged anime shows of 2024.</p>
<p><strong>The Hype is Real: Top 5 Anime Shows</strong></p>
]]></content:encoded>
					
		
		
			</item>
		<item>
		<title>The Insane Anime Boom For 2024: What Are The Top 20 Shows To Watch?</title>
		<link>/the-insane-anime-boom-for-2024-what-are-the-top-20-shows-to-watch/</link>
		
		<dc:creator><![CDATA[Admin]]></dc:creator>
		<pubDate>Sat, 07 Sep 2024 20:32:00 +0000</pubDate>
				<category><![CDATA[Anime]]></category>
		<category><![CDATA[20]]></category>
		<category><![CDATA[2024]]></category>
		<category><![CDATA[anime]]></category>
		<category><![CDATA[boom]]></category>
		<category><![CDATA[insane]]></category>
		<category><![CDATA[shows]]></category>
		<category><![CDATA[to]]></category>
		<category><![CDATA[top]]></category>
		<category><![CDATA[watch]]></category>
		<category><![CDATA[what]]></category>
		<guid isPermaLink="false">/the-insane-anime-boom-for-2024-what-are-the-top-20-shows-to-watch/</guid>

					<description><![CDATA[Related of The Insane Anime Boom for 2024: What are the Top 20 Shows to...]]></description>
										<content:encoded><![CDATA[<h2 id="related-of-the-insane-anime-boom-for-2024:-what-are-the-top-20-shows-to-watch?">Related of The Insane Anime Boom for 2024: What are the Top 20 Shows to Watch?</h2>
<ul>
<li><a href="/2024-anime-power-rankings-top-10-series-exhibiting-unstoppable-supremacy/">2024 Anime Power Rankings: Top 10 Series Exhibiting Unstoppable Supremacy</a></li>
<li><a href="/most-electrifying-anime-scenes-of-2024-so-far-10-moments-that-left-us-breathless/">Most Electrifying Anime Scenes Of 2024 So Far: 10 Moments That Left Us Breathless</a></li>
<li><a href="/2024s-top-10-most-electrifying-anime-fight-scenes/">2024&#8217;s Top 10 Most Electrifying Anime Fight Scenes</a></li>
<li><a href="/revolutionizing-the-world-of-anime-top-10-game-changers-of-early-2024/">&quot;Revolutionizing The World Of Anime: Top 10 Game-Changers Of Early 2024&quot;</a></li>
<li><a href="/the-best-new-anime-in-2024-5-explosive-series-you-cant-miss/">The Best New Anime In 2024: 5 Explosive Series You Can&#8217;t Miss</a></li>
</ul>
<div id="toc">
<h2>Table of Content</h2>
<ul>
<li><a href="#related-of-the-insane-anime-boom-for-2024:-what-are-the-top-20-shows-to-watch?">1 Related of The Insane Anime Boom for 2024: What are the Top 20 Shows to Watch?</a></li>
<li><a href="#related-video-about-the-insane-anime-boom-for-2024:-what-are-the-top-20-shows-to-watch?">2 Related Video About The Insane Anime Boom for 2024: What are the Top 20 Shows to Watch?</a></li>
</ul>
</div>
<h2 id="related-video-about-the-insane-anime-boom-for-2024:-what-are-the-top-20-shows-to-watch?">Related Video About The Insane Anime Boom for 2024: What are the Top 20 Shows to Watch?</h2>
<p><center></center></p>
<p>The Insane Anime Boom for 2024: What are the Top 20 Shows to Watch?</p>
<p><img decoding="async" class="aligncenter" src="https://www.dexerto.com/cdn-cgi/image/width=3840,quality=75,format=auto/https://editors.dexerto.com/wp-content/uploads/2023/12/14/highly-anticipated-anime-2024-1.jpg" alt="The Insane Anime Boom for 2024: What are the Top 20 Shows to Watch?" width="600" /></p>
<p>If you&#8217;re an anime fan, you&#8217;re probably aware that the past few years have brought a significant surge in popularity for the genre. From the stunning visuals of Attack on Titan to the hilarious antics of One Piece, anime has truly come into its own, and it&#8217;s showing no signs of slowing down. With new shows popping up left and right, it can be tough to keep track of what&#8217;s worth watching and what&#8217;s not.</p>
<p>In this article, I&#8217;ll be sharing my top 20 anime picks for 2024, covering everything from action-packed adventures to heartwarming romances. So grab a snack, get comfy, and let&#8217;s dive in!</p>
]]></content:encoded>
					
		
		
			</item>
		<item>
		<title>&#034;Top 20 Anime Breakthroughs Of 2024: A Jaw-Dropping Chart Breakdown&#034;</title>
		<link>/top-20-anime-breakthroughs-of-2024-a-jaw-dropping-chart-breakdown/</link>
		
		<dc:creator><![CDATA[Admin]]></dc:creator>
		<pubDate>Sat, 17 Aug 2024 03:47:00 +0000</pubDate>
				<category><![CDATA[Anime]]></category>
		<category><![CDATA[20]]></category>
		<category><![CDATA[2024]]></category>
		<category><![CDATA[anime]]></category>
		<category><![CDATA[breakdownquot]]></category>
		<category><![CDATA[breakthroughs]]></category>
		<category><![CDATA[chart]]></category>
		<category><![CDATA[jawdropping]]></category>
		<category><![CDATA[quottop]]></category>
		<guid isPermaLink="false">/top-20-anime-breakthroughs-of-2024-a-jaw-dropping-chart-breakdown/</guid>

					<description><![CDATA[Related of &#34;Top 20 Anime Breakthroughs of 2024: A Jaw-Dropping Chart Breakdown&#34; &#34;Electric: The Top...]]></description>
										<content:encoded><![CDATA[<h2 id="related-of-&quot;top-20-anime-breakthroughs-of-2024:-a-jaw-dropping-chart-breakdown&quot;">Related of &quot;Top 20 Anime Breakthroughs of 2024: A Jaw-Dropping Chart Breakdown&quot;</h2>
<ul>
<li><a href="/electric-the-top-10-game-changing-animated-scenes-in-anime-2024-that-will-blow-your-mind/">&quot;Electric: The Top 10 Game-Changing Animated Scenes In Anime 2024 That Will Blow Your Mind&quot;</a></li>
<li><a href="/2024s-anime-giants-5-electrifying-shows-that-will-dominate-the-conversation/">2024&#8217;s Anime Giants: 5 Electrifying Shows That Will Dominate The Conversation</a></li>
<li><a href="/heartstopping-2024-top-5-anime-moments-that-left-fans-breathless/">Heartstopping 2024: Top 5 Anime Moments That Left Fans Breathless</a></li>
<li><a href="/the-5-anime-phenoms-taking-over-2024-must-watch-shows-that-will-blow-your-mind/">The 5 Anime Phenoms Taking Over 2024: Must-Watch Shows That Will Blow Your Mind</a></li>
<li><a href="/mind-blowing-anime-moments-of-2024-top-10-scenes-that-left-us-speechless/">Mind-Blowing Anime Moments Of 2024: Top 10 Scenes That Left Us Speechless</a></li>
</ul>
<div id="toc">
<h2>Table of Content</h2>
<ul>
<li><a href="#related-of-&quot;top-20-anime-breakthroughs-of-2024:-a-jaw-dropping-chart-breakdown&quot;">1 Related of &quot;Top 20 Anime Breakthroughs of 2024: A Jaw-Dropping Chart Breakdown&quot;</a></li>
<li><a href="#related-video-about-&quot;top-20-anime-breakthroughs-of-2024:-a-jaw-dropping-chart-breakdown&quot;">2 Related Video About &quot;Top 20 Anime Breakthroughs of 2024: A Jaw-Dropping Chart Breakdown&quot;</a></li>
</ul>
</div>
<h2 id="related-video-about-&quot;top-20-anime-breakthroughs-of-2024:-a-jaw-dropping-chart-breakdown&quot;">Related Video About &quot;Top 20 Anime Breakthroughs of 2024: A Jaw-Dropping Chart Breakdown&quot;</h2>
<p><center></center></p>
<p>&quot;Top 20 Anime Breakthroughs of 2024: A Jaw-Dropping Chart Breakdown&quot;</p>
<p><img decoding="async" class="aligncenter" src="" alt="&quot;Top 20 Anime Breakthroughs of 2024: A Jaw-Dropping Chart Breakdown&quot;" width="600" /></p>
<p>As an anime enthusiast, I&#8217;m thrilled to share my top picks for the best anime of 2024, categorized by genre. Whether you&#8217;re a seasoned otaku or just discovering the world of Japanese animation, this chart breakdown will give you the inside scoop on the most epic shows of the year.</p>
<p><strong>Action Anime</strong></p>
]]></content:encoded>
					
		
		
			</item>
		<item>
		<title>The Top 20 Anime Sensations Of 2024: Unleashing A Storm Of Epic Storytelling</title>
		<link>/the-top-20-anime-sensations-of-2024-unleashing-a-storm-of-epic-storytelling/</link>
		
		<dc:creator><![CDATA[Admin]]></dc:creator>
		<pubDate>Tue, 16 Jul 2024 14:09:00 +0000</pubDate>
				<category><![CDATA[Anime]]></category>
		<category><![CDATA[20]]></category>
		<category><![CDATA[2024]]></category>
		<category><![CDATA[anime]]></category>
		<category><![CDATA[epic]]></category>
		<category><![CDATA[sensations]]></category>
		<category><![CDATA[storm]]></category>
		<category><![CDATA[storytelling]]></category>
		<category><![CDATA[top]]></category>
		<category><![CDATA[unleashing]]></category>
		<guid isPermaLink="false">/the-top-20-anime-sensations-of-2024-unleashing-a-storm-of-epic-storytelling/</guid>

					<description><![CDATA[Related of The Top 20 Anime Sensations of 2024: Unleashing a Storm of Epic Storytelling...]]></description>
										<content:encoded><![CDATA[<h2 id="related-of-the-top-20-anime-sensations-of-2024:-unleashing-a-storm-of-epic-storytelling">Related of The Top 20 Anime Sensations of 2024: Unleashing a Storm of Epic Storytelling</h2>
<ul>
<li><a href="/7-breathtaking-anime-worlds-youll-be-dying-to-visit-in-2024/">7 Breathtaking Anime Worlds You&#8217;ll Be Dying To Visit In 2024</a></li>
<li><a href="/5-anime-explosions-that-dominated-2024-so-far/">5 Anime Explosions That Dominated 2024 So Far</a></li>
<li><a href="/top-10-underrated-anime-of-2024-explosive-gems-waiting-to-be-discovered/">Top 10 Underrated Anime Of 2024: Explosive Gems Waiting To Be Discovered</a></li>
<li><a href="/10-life-changing-anime-masterpieces-to-obsess-over-in-2024/">10 Life-Changing Anime Masterpieces To Obsess Over In 2024</a></li>
<li><a href="/mind-blowing-7-short-anime-series-of-2024-you-need-to-binge-asap/">&quot;Mind-Blowing 7 Short Anime Series Of 2024 You Need To Binge ASAP&quot;</a></li>
</ul>
<div id="toc">
<h2>Table of Content</h2>
<ul>
<li><a href="#related-of-the-top-20-anime-sensations-of-2024:-unleashing-a-storm-of-epic-storytelling">1 Related of The Top 20 Anime Sensations of 2024: Unleashing a Storm of Epic Storytelling</a></li>
<li><a href="#related-video-about-the-top-20-anime-sensations-of-2024:-unleashing-a-storm-of-epic-storytelling">2 Related Video About The Top 20 Anime Sensations of 2024: Unleashing a Storm of Epic Storytelling</a></li>
</ul>
</div>
<h2 id="related-video-about-the-top-20-anime-sensations-of-2024:-unleashing-a-storm-of-epic-storytelling">Related Video About The Top 20 Anime Sensations of 2024: Unleashing a Storm of Epic Storytelling</h2>
<p><center></center></p>
<p>The Top 20 Anime Sensations of 2024: Unleashing a Storm of Epic Storytelling</p>
<p><img decoding="async" class="aligncenter" src="https://preview.redd.it/top-10-anime-of-the-week-fall-2022-anime-corner-v0-v4ejcg5vnbz91.png?auto=webpu0026s=84c632c003d3b9638d71caa651b38942d7d10391" alt="The Top 20 Anime Sensations of 2024: Unleashing a Storm of Epic Storytelling" width="600" /></p>
<p>As an avid anime fan, I&#8217;m thrilled to report that the world of Japanese animation has never been more exciting. In recent years, we&#8217;ve witnessed a surge in engaging storylines, lovable characters, and mind-blowing visuals. This year, however, has been particularly remarkable, with multiple shows breaking viewership records and pushing the boundaries of what anime can achieve. In this article, I&#8217;ll dive into the top 20 anime sensations of 2024, highlighting their key strengths and explaining why they&#8217;ve captured the hearts of millions worldwide.</p>
<p>Coming in at number one on our list is the highly-acclaimed series, &quot;Jujutsu Kaisen: Season 2.&quot; Building upon the success of its predecessor, this dark fantasy anime has managed to intertwine action, drama, and humor, making it a must-watch for fans everywhere. With its well-developed characters, intense fight scenes, and intricate world-building, it&#8217;s no wonder that &quot;Jujutsu Kaisen&quot; has reached a staggering 9.5 million views per episode on Crunchyroll alone.</p>
]]></content:encoded>
					
		
		
			</item>
		<item>
		<title>Electrifying 20 New Anime Releases Of 2024 You Won&#8217;t Want To Miss</title>
		<link>/electrifying-20-new-anime-releases-of-2024-you-wont-want-to-miss/</link>
		
		<dc:creator><![CDATA[Admin]]></dc:creator>
		<pubDate>Sun, 16 Jun 2024 04:00:00 +0000</pubDate>
				<category><![CDATA[Anime]]></category>
		<category><![CDATA[20]]></category>
		<category><![CDATA[2024]]></category>
		<category><![CDATA[anime]]></category>
		<category><![CDATA[electrifying]]></category>
		<category><![CDATA[miss]]></category>
		<category><![CDATA[new]]></category>
		<category><![CDATA[releases]]></category>
		<category><![CDATA[to]]></category>
		<category><![CDATA[want]]></category>
		<category><![CDATA[wont]]></category>
		<category><![CDATA[you]]></category>
		<guid isPermaLink="false">/electrifying-20-new-anime-releases-of-2024-you-wont-want-to-miss/</guid>

					<description><![CDATA[Related of Electrifying 20 New Anime Releases of 2024 You Won&#8217;t Want to Miss 2024&#8217;s...]]></description>
										<content:encoded><![CDATA[<h2 id="related-of-electrifying-20-new-anime-releases-of-2024-you-won't-want-to-miss">Related of Electrifying 20 New Anime Releases of 2024 You Won&#8217;t Want to Miss</h2>
<ul>
<li><a href="/2024s-top-10-anime-bombshells-which-fan-favorites-reign-supreme/">2024&#8217;s Top 10 Anime Bombshells: Which Fan Favorites Reign Supreme?</a></li>
<li><a href="/electric-2024-top-10-anime-releases-to-get-hyped-about-this-year/">Electric 2024: Top 10 Anime Releases To Get Hyped About This Year</a></li>
<li><a href="/revolutionary-anime-storm-top-7-shows-capturing-fans-hearts-in-2024/">Revolutionary Anime Storm: Top 7 Shows Capturing Fans&#8217; Hearts In 2024</a></li>
<li><a href="/mind-blowing-top-10-most-popular-anime-of-2024-you-cant-miss/">Mind-Blowing Top 10 Most Popular Anime Of 2024 You Can&#8217;t Miss</a></li>
<li><a href="/electric-explosion-top-5-breakout-anime-of-2024-that-will-leave-you-breathless/">&quot;Electric Explosion: Top 5 Breakout Anime Of 2024 That Will Leave You Breathless&quot;</a></li>
</ul>
<div id="toc">
<h2>Table of Content</h2>
<ul>
<li><a href="#related-of-electrifying-20-new-anime-releases-of-2024-you-won't-want-to-miss">1 Related of Electrifying 20 New Anime Releases of 2024 You Won&#8217;t Want to Miss</a></li>
<li><a href="#related-video-about-electrifying-20-new-anime-releases-of-2024-you-won't-want-to-miss">2 Related Video About Electrifying 20 New Anime Releases of 2024 You Won&#8217;t Want to Miss</a></li>
</ul>
</div>
<h2 id="related-video-about-electrifying-20-new-anime-releases-of-2024-you-won't-want-to-miss">Related Video About Electrifying 20 New Anime Releases of 2024 You Won&#8217;t Want to Miss</h2>
<p><center><iframe name="view" width="560" height="315" src="https://www.youtube.com/embed/q7VBYeYJtMw" frameborder="0" allowfullscreen></iframe></center></p>
<p>Electrifying 20 New Anime Releases of 2024 You Won&#8217;t Want to Miss</p>
<p><img decoding="async" class="aligncenter" src="https://static0.gamerantimages.com/wordpress/wp-content/uploads/2023/06/anime2024.jpg" alt="Electrifying 20 New Anime Releases of 2024 You Won't Want to Miss" width="600" /></p>
<p>As an anime enthusiast, I&#8217;m always on the lookout for the next big thing. And let me tell you, 2024 is shaping up to be an incredible year for anime fans. From epic fantasies to heartwarming romances, there&#8217;s something for everyone in this year&#8217;s lineup. In this article, I&#8217;ll be sharing my top picks for the most exciting new anime releases of 2024. So grab some popcorn, get cozy, and let&#8217;s dive in!</p>
<p>First up, we have <strong>Undead Unluck</strong>, a supernatural action series based on the popular manga by Yoshifumi Tozuka. This dark fantasy follows the story of two high school students who are brought together by their peculiar powers. With its stunning visuals and intense action sequences, Undead Unluck is set to be one of the hottest anime releases of the year.</p>
]]></content:encoded>
					
		
		
			</item>
		<item>
		<title>&#034;Unstoppable 20: The Female Anime Characters Redefining Power In 2024&#034;</title>
		<link>/unstoppable-20-the-female-anime-characters-redefining-power-in-2024/</link>
		
		<dc:creator><![CDATA[Admin]]></dc:creator>
		<pubDate>Fri, 14 Jun 2024 22:31:00 +0000</pubDate>
				<category><![CDATA[Anime]]></category>
		<category><![CDATA[20]]></category>
		<category><![CDATA[2024quot]]></category>
		<category><![CDATA[anime]]></category>
		<category><![CDATA[characters]]></category>
		<category><![CDATA[female]]></category>
		<category><![CDATA[power]]></category>
		<category><![CDATA[quotunstoppable]]></category>
		<category><![CDATA[redefining]]></category>
		<guid isPermaLink="false">/unstoppable-20-the-female-anime-characters-redefining-power-in-2024/</guid>

					<description><![CDATA[Related of &#34;Unstoppable 20: The Female Anime Characters Redefining Power in 2024&#34; 10 Mind-Blowing Anime...]]></description>
										<content:encoded><![CDATA[<h2 id="related-of-&quot;unstoppable-20:-the-female-anime-characters-redefining-power-in-2024&quot;">Related of &quot;Unstoppable 20: The Female Anime Characters Redefining Power in 2024&quot;</h2>
<ul>
<li><a href="/10-mind-blowing-anime-of-2024-you-wont-regret-watching/">10 Mind-Blowing Anime Of 2024 You Won&#8217;t Regret Watching</a></li>
<li><a href="/epic-top-10-anime-character-showdowns-that-will-leave-you-breathless-in-2024/">Epic Top 10: Anime Character Showdowns That Will Leave You Breathless In 2024</a></li>
<li><a href="/2024s-top-10-unstoppable-anime-shows-fans-cant-get-enough-of/">2024&#8217;s Top 10 Unstoppable Anime Shows Fans Can&#8217;t Get Enough Of</a></li>
<li><a href="/electrifying-icons-10-unstoppable-anime-characters-dominating-2024/">Electrifying Icons: 10 Unstoppable Anime Characters Dominating 2024</a></li>
<li><a href="/top-10-mind-blowing-anime-scenes-of-2024-that-left-us-speechless/">Top 10 Mind-Blowing Anime Scenes Of 2024 That Left Us Speechless</a></li>
</ul>
<div id="toc">
<h2>Table of Content</h2>
<ul>
<li><a href="#related-of-&quot;unstoppable-20:-the-female-anime-characters-redefining-power-in-2024&quot;">1 Related of &quot;Unstoppable 20: The Female Anime Characters Redefining Power in 2024&quot;</a></li>
<li><a href="#related-video-about-&quot;unstoppable-20:-the-female-anime-characters-redefining-power-in-2024&quot;">2 Related Video About &quot;Unstoppable 20: The Female Anime Characters Redefining Power in 2024&quot;</a></li>
</ul>
</div>
<h2 id="related-video-about-&quot;unstoppable-20:-the-female-anime-characters-redefining-power-in-2024&quot;">Related Video About &quot;Unstoppable 20: The Female Anime Characters Redefining Power in 2024&quot;</h2>
<p><center></center></p>
<p>&quot;Unstoppable 20: The Female Anime Characters Redefining Power in 2024&quot;</p>
<p><img decoding="async" class="aligncenter" src="" alt="&quot;Unstoppable 20: The Female Anime Characters Redefining Power in 2024&quot;" width="600" /></p>
<p>As an anime enthusiast, I&#8217;ve always been fascinated by the complex and dynamic female characters that populate the world of Japanese animation. From the early days of Sailor Moon to the modern era ofAttack on Titan, female characters have played a pivotal role in shaping the narrative and captivating audiences. In this article, we&#8217;ll explore the top 20 female anime characters of 2024 who embody the spirit of power, resilience, and determination.</p>
<p>Growing up, I was always drawn to strong female characters who defied convention and pushed boundaries. Characters like Naruto&#8217;s Hinata Hyuga and Dragon Ball Z&#8217;s Bulma Briefs inspired me to be more confident and assertive. However, it wasn&#8217;t until I discovered the world of anime that I realized the true potential of female characters. Anime has a way of showcasing complex, multidimensional female characters who inspire and empower us in equal measure.</p>
]]></content:encoded>
					
		
		
			</item>
		<item>
		<title>What&#8217;s Smokin&#8217; Hot: Top 20 Anime Of 2024 You Can&#8217;t Miss</title>
		<link>/whats-smokin-hot-top-20-anime-of-2024-you-cant-miss/</link>
		
		<dc:creator><![CDATA[Admin]]></dc:creator>
		<pubDate>Wed, 01 May 2024 12:47:09 +0000</pubDate>
				<category><![CDATA[Anime]]></category>
		<category><![CDATA[20]]></category>
		<category><![CDATA[2024]]></category>
		<category><![CDATA[anime]]></category>
		<category><![CDATA[cant]]></category>
		<category><![CDATA[hot]]></category>
		<category><![CDATA[miss]]></category>
		<category><![CDATA[smokin]]></category>
		<category><![CDATA[top]]></category>
		<category><![CDATA[whats]]></category>
		<category><![CDATA[you]]></category>
		<guid isPermaLink="false">/whats-smokin-hot-top-20-anime-of-2024-you-cant-miss/</guid>

					<description><![CDATA[Related of What&#8217;s Smokin&#8217; Hot: Top 20 Anime of 2024 You Can&#8217;t Miss The Anime...]]></description>
										<content:encoded><![CDATA[<h2 id="related-of-what's-smokin'-hot:-top-20-anime-of-2024-you-can't-miss">Related of What&#8217;s Smokin&#8217; Hot: Top 20 Anime of 2024 You Can&#8217;t Miss</h2>
<ul>
<li><a href="/the-anime-invasion-of-2024-5-must-watch-shows-that-will-dominate-your-screen-time/">The Anime Invasion Of 2024: 5 Must-Watch Shows That Will Dominate Your Screen Time</a></li>
<li><a href="/electrifying-2024-5-breakout-anime-that-are-rewiring-the-game/">&quot;Electrifying 2024: 5 Breakout Anime That Are Rewiring The Game&quot;</a></li>
<li><a href="/mind-blowing-anime-revolution-5-shows-that-are-dominating-2024/">&quot;Mind-Blowing Anime Revolution: 5 Shows That Are Dominating 2024&quot;</a></li>
<li><a href="/2024s-anime-giants-5-electrifying-shows-that-will-dominate-the-conversation/">2024&#8217;s Anime Giants: 5 Electrifying Shows That Will Dominate The Conversation</a></li>
<li><a href="/the-5-anime-phenoms-taking-over-2024-must-watch-shows-that-will-blow-your-mind/">The 5 Anime Phenoms Taking Over 2024: Must-Watch Shows That Will Blow Your Mind</a></li>
</ul>
<div id="toc">
<h2>Table of Content</h2>
<ul>
<li><a href="#related-of-what's-smokin'-hot:-top-20-anime-of-2024-you-can't-miss">1 Related of What&#8217;s Smokin&#8217; Hot: Top 20 Anime of 2024 You Can&#8217;t Miss</a></li>
<li><a href="#related-video-about-what's-smokin'-hot:-top-20-anime-of-2024-you-can't-miss">2 Related Video About What&#8217;s Smokin&#8217; Hot: Top 20 Anime of 2024 You Can&#8217;t Miss</a></li>
</ul>
</div>
<h2 id="related-video-about-what's-smokin'-hot:-top-20-anime-of-2024-you-can't-miss">Related Video About What&#8217;s Smokin&#8217; Hot: Top 20 Anime of 2024 You Can&#8217;t Miss</h2>
<p><center><iframe name="view" width="560" height="315" src="https://www.youtube.com/embed/WoGgysWHUZ0" frameborder="0" allowfullscreen></iframe></center></p>
<p>What&#8217;s Smokin&#8217; Hot: Top 20 Anime of 2024 You Can&#8217;t Miss</p>
<p><img decoding="async" class="aligncenter" src="https://therecenttimes.com/wp-content/uploads/2021/02/top-10-1024x576.jpg" alt="What's Smokin' Hot: Top 20 Anime of 2024 You Can't Miss" width="600" /></p>
<p>As an anime enthusiast, I&#8217;m always excited to dive into the latest and greatest the world of Japanese animation has to offer. And let me tell you, 2024 is shaping up to be an incredible year for anime fans. From action-packed adventures to heartwarming romances, there&#8217;s something for everyone in this year&#8217;s lineup. In this article, we&#8217;ll be counting down the top 20 anime of 2024 that you absolutely can&#8217;t miss.</p>
<p><strong>20. Kuma Kuma Kuma Bear</strong></p>
]]></content:encoded>
					
		
		
			</item>
	</channel>
</rss>
