<?xml version="1.0" encoding="UTF-8"?><rss version="2.0"
	xmlns:content="http://purl.org/rss/1.0/modules/content/"
	xmlns:wfw="http://wellformedweb.org/CommentAPI/"
	xmlns:dc="http://purl.org/dc/elements/1.1/"
	xmlns:atom="http://www.w3.org/2005/Atom"
	xmlns:sy="http://purl.org/rss/1.0/modules/syndication/"
	xmlns:slash="http://purl.org/rss/1.0/modules/slash/"
	>

<channel>
	<title>2024quot &#8211; Views Update</title>
	<atom:link href="/tag/2024quot/feed/" rel="self" type="application/rss+xml" />
	<link></link>
	<description></description>
	<lastBuildDate>Tue, 17 Sep 2024 10:28:00 +0000</lastBuildDate>
	<language>en-US</language>
	<sy:updatePeriod>
	hourly	</sy:updatePeriod>
	<sy:updateFrequency>
	1	</sy:updateFrequency>
	<generator>https://wordpress.org/?v=6.6.2</generator>
	<item>
		<title>&#034;5 Electrifying Anime Villain Takedowns That Left Us Breathless In 2024&#034;</title>
		<link>/5-electrifying-anime-villain-takedowns-that-left-us-breathless-in-2024/</link>
		
		<dc:creator><![CDATA[Admin]]></dc:creator>
		<pubDate>Tue, 17 Sep 2024 10:28:00 +0000</pubDate>
				<category><![CDATA[Anime]]></category>
		<category><![CDATA[2024quot]]></category>
		<category><![CDATA[anime]]></category>
		<category><![CDATA[breathless]]></category>
		<category><![CDATA[electrifying]]></category>
		<category><![CDATA[left]]></category>
		<category><![CDATA[quot5]]></category>
		<category><![CDATA[takedowns]]></category>
		<category><![CDATA[that]]></category>
		<category><![CDATA[us]]></category>
		<category><![CDATA[villain]]></category>
		<guid isPermaLink="false">/5-electrifying-anime-villain-takedowns-that-left-us-breathless-in-2024/</guid>

					<description><![CDATA[Related of &#34;5 Electrifying Anime Villain Takedowns That Left Us Breathless in 2024&#34; 10 Jaw-Dropping...]]></description>
										<content:encoded><![CDATA[<h2 id="related-of-&quot;5-electrifying-anime-villain-takedowns-that-left-us-breathless-in-2024&quot;">Related of &quot;5 Electrifying Anime Villain Takedowns That Left Us Breathless in 2024&quot;</h2>
<ul>
<li><a href="/10-jaw-dropping-2024-anime-scenes-that-rebooted-the-game/">10 Jaw-Dropping 2024 Anime Scenes That Rebooted The Game</a></li>
<li><a href="/the-10-most-heart-shattering-anime-moments-that-will-leave-you-breathless-in-2024/">The 10 Most Heart-Shattering Anime Moments That Will Leave You Breathless In 2024</a></li>
<li><a href="/2024s-unstoppable-10-anime-characters-that-will-capture-your-heart/">2024&#8217;s Unstoppable 10 Anime Characters That Will Capture Your Heart</a></li>
<li><a href="/electrifying-anime-hits-of-2024-the-top-10-must-watch-shows-that-will-leave-you-breathless/">&quot;Electrifying Anime Hits Of 2024: The Top 10 Must-Watch Shows That Will Leave You Breathless&quot;</a></li>
<li><a href="/10-electrifying-anime-shows-that-will-leave-mature-viewers-breathless-in-2024/">&quot;10 Electrifying Anime Shows That Will Leave Mature Viewers Breathless In 2024&quot;</a></li>
</ul>
<div id="toc">
<h2>Table of Content</h2>
<ul>
<li><a href="#related-of-&quot;5-electrifying-anime-villain-takedowns-that-left-us-breathless-in-2024&quot;">1 Related of &quot;5 Electrifying Anime Villain Takedowns That Left Us Breathless in 2024&quot;</a></li>
<li><a href="#related-video-about-&quot;5-electrifying-anime-villain-takedowns-that-left-us-breathless-in-2024&quot;">2 Related Video About &quot;5 Electrifying Anime Villain Takedowns That Left Us Breathless in 2024&quot;</a></li>
</ul>
</div>
<h2 id="related-video-about-&quot;5-electrifying-anime-villain-takedowns-that-left-us-breathless-in-2024&quot;">Related Video About &quot;5 Electrifying Anime Villain Takedowns That Left Us Breathless in 2024&quot;</h2>
<p><center></center></p>
<p>&quot;5 Electrifying Anime Villain Takedowns That Left Us Breathless in 2024&quot;</p>
<p><img decoding="async" class="aligncenter" src="" alt="&quot;5 Electrifying Anime Villain Takedowns That Left Us Breathless in 2024&quot;" width="600" /></p>
<p>It&#8217;s hard to deny the excitement that comes with watching a well-crafted anime villain meet their match. From the edge-of-your-seat moments to the triumphant cheers, a hero&#8217;s victory over a formidable foe is what makes anime so thrilling. This year, we&#8217;ve witnessed some unforgettable showdowns that showcased exceptional strength, strategy, and sheer determination. Let&#8217;s dive into five electrifying anime villain defeats that left us breathless in 2024.</p>
<ol>
]]></content:encoded>
					
		
		
			</item>
		<item>
		<title>&#034;10 Electrifying Anime Shows Dominating The Streaming Scene In 2024&#034;</title>
		<link>/10-electrifying-anime-shows-dominating-the-streaming-scene-in-2024/</link>
		
		<dc:creator><![CDATA[Admin]]></dc:creator>
		<pubDate>Wed, 11 Sep 2024 22:47:00 +0000</pubDate>
				<category><![CDATA[Anime]]></category>
		<category><![CDATA[2024quot]]></category>
		<category><![CDATA[anime]]></category>
		<category><![CDATA[dominating]]></category>
		<category><![CDATA[electrifying]]></category>
		<category><![CDATA[quot10]]></category>
		<category><![CDATA[scene]]></category>
		<category><![CDATA[shows]]></category>
		<category><![CDATA[streaming]]></category>
		<guid isPermaLink="false">/10-electrifying-anime-shows-dominating-the-streaming-scene-in-2024/</guid>

					<description><![CDATA[Related of &#34;10 Electrifying Anime Shows Dominating the Streaming Scene in 2024&#34; 15 Epic Anime...]]></description>
										<content:encoded><![CDATA[<h2 id="related-of-&quot;10-electrifying-anime-shows-dominating-the-streaming-scene-in-2024&quot;">Related of &quot;10 Electrifying Anime Shows Dominating the Streaming Scene in 2024&quot;</h2>
<ul>
<li><a href="/15-epic-anime-characters-by-genre-that-will-ignite-your-passions-in-2024/">15 Epic Anime Characters By Genre That Will Ignite Your Passions In 2024</a></li>
<li><a href="/epic-anime-moments-2024-the-top-5-scenes-that-left-us-speechless/">Epic Anime Moments 2024: The Top 5 Scenes That Left Us Speechless</a></li>
<li><a href="/the-anime-invasion-of-2024-5-must-watch-shows-that-will-dominate-your-screen-time/">The Anime Invasion Of 2024: 5 Must-Watch Shows That Will Dominate Your Screen Time</a></li>
<li><a href="/epic-10-unleashing-the-power-of-anime-based-on-light-novels/">Epic 10: Unleashing The Power Of Anime Based On Light Novels</a></li>
<li><a href="/electrifying-10-the-most-phenomenal-sports-anime-of-2024/">Electrifying 10: The Most Phenomenal Sports Anime Of 2024</a></li>
</ul>
<div id="toc">
<h2>Table of Content</h2>
<ul>
<li><a href="#related-of-&quot;10-electrifying-anime-shows-dominating-the-streaming-scene-in-2024&quot;">1 Related of &quot;10 Electrifying Anime Shows Dominating the Streaming Scene in 2024&quot;</a></li>
<li><a href="#related-video-about-&quot;10-electrifying-anime-shows-dominating-the-streaming-scene-in-2024&quot;">2 Related Video About &quot;10 Electrifying Anime Shows Dominating the Streaming Scene in 2024&quot;</a></li>
</ul>
</div>
<h2 id="related-video-about-&quot;10-electrifying-anime-shows-dominating-the-streaming-scene-in-2024&quot;">Related Video About &quot;10 Electrifying Anime Shows Dominating the Streaming Scene in 2024&quot;</h2>
<p><center></center></p>
<p>&quot;10 Electrifying Anime Shows Dominating the Streaming Scene in 2024&quot;</p>
<p><img decoding="async" class="aligncenter" src="" alt="&quot;10 Electrifying Anime Shows Dominating the Streaming Scene in 2024&quot;" width="600" /></p>
<p>If you&#8217;re an anime fan like me, you&#8217;re probably always on the lookout for the next big hit to obsess over. With so many amazing shows out there, it can be tough to keep up with what&#8217;s trending and what&#8217;s worth watching. But don&#8217;t worry, I&#8217;ve got you covered. In this article, I&#8217;ll be sharing my top picks for the most electrifying anime shows currently dominating the streaming scene in 2024.</p>
<p>From action-packed adventures to heartwarming dramas, these shows have captured the hearts of audiences worldwide. Whether you&#8217;re a seasoned anime enthusiast or just discovering the magic of Japanese animation, these top streaming anime shows of 2024 are a must-watch.</p>
]]></content:encoded>
					
		
		
			</item>
		<item>
		<title>&#034;12 Electrifying Anime Shows That Are Blowing Minds In 2024&#034;</title>
		<link>/12-electrifying-anime-shows-that-are-blowing-minds-in-2024/</link>
		
		<dc:creator><![CDATA[Admin]]></dc:creator>
		<pubDate>Tue, 03 Sep 2024 04:35:00 +0000</pubDate>
				<category><![CDATA[Anime]]></category>
		<category><![CDATA[2024quot]]></category>
		<category><![CDATA[anime]]></category>
		<category><![CDATA[blowing]]></category>
		<category><![CDATA[electrifying]]></category>
		<category><![CDATA[minds]]></category>
		<category><![CDATA[quot12]]></category>
		<category><![CDATA[shows]]></category>
		<category><![CDATA[that]]></category>
		<guid isPermaLink="false">/12-electrifying-anime-shows-that-are-blowing-minds-in-2024/</guid>

					<description><![CDATA[Related of &#34;12 Electrifying Anime Shows That Are Blowing Minds in 2024&#34; Epic Dub Performances:...]]></description>
										<content:encoded><![CDATA[<h2 id="related-of-&quot;12-electrifying-anime-shows-that-are-blowing-minds-in-2024&quot;">Related of &quot;12 Electrifying Anime Shows That Are Blowing Minds in 2024&quot;</h2>
<ul>
<li><a href="/epic-dub-performances-10-anime-voice-actors-who-rocked-2024/">Epic Dub Performances: 10 Anime Voice Actors Who Rocked 2024</a></li>
<li><a href="/revolutionary-anime-that-took-2024-by-storm-5-groundbreaking-shows/">Revolutionary Anime That Took 2024 By Storm: 5 Groundbreaking Shows</a></li>
<li><a href="/epic-top-10-mecha-anime-of-2024-that-will-blow-your-mind/">Epic Top 10 Mecha Anime Of 2024 That Will Blow Your Mind</a></li>
<li><a href="/epic-last-words-top-10-anime-characters-final-statements-that-shook-us-to-the-core/">Epic Last Words: Top 10 Anime Characters&#8217; Final Statements That Shook Us To The Core</a></li>
<li><a href="/13-epic-face-offs-the-intense-fight-scene-showdown-of-2024/">13 Epic Face-Offs: The Intense Fight Scene Showdown Of 2024</a></li>
</ul>
<div id="toc">
<h2>Table of Content</h2>
<ul>
<li><a href="#related-of-&quot;12-electrifying-anime-shows-that-are-blowing-minds-in-2024&quot;">1 Related of &quot;12 Electrifying Anime Shows That Are Blowing Minds in 2024&quot;</a></li>
<li><a href="#related-video-about-&quot;12-electrifying-anime-shows-that-are-blowing-minds-in-2024&quot;">2 Related Video About &quot;12 Electrifying Anime Shows That Are Blowing Minds in 2024&quot;</a></li>
</ul>
</div>
<h2 id="related-video-about-&quot;12-electrifying-anime-shows-that-are-blowing-minds-in-2024&quot;">Related Video About &quot;12 Electrifying Anime Shows That Are Blowing Minds in 2024&quot;</h2>
<p><center></center></p>
<p>&quot;12 Electrifying Anime Shows That Are Blowing Minds in 2024&quot;</p>
<p><img decoding="async" class="aligncenter" src="" alt="&quot;12 Electrifying Anime Shows That Are Blowing Minds in 2024&quot;" width="600" /></p>
<p>As a self-proclaimed anime enthusiast, I&#8217;m always excited to dive into the world of vibrant characters, gripping storylines, and stunning animation that Japan has to offer. This year has been no exception, with a wide range of electrifying shows that have captured the hearts of critics and fans alike. From action-packed adventures to heartwarming slice-of-life tales, 2024 has got it all. In this article, I&#8217;ll be counting down the top-rated anime shows that you won&#8217;t want to miss.</p>
<p><strong>Ranking the Best: A Mix of Old Favorites and New Entrants</strong></p>
]]></content:encoded>
					
		
		
			</item>
		<item>
		<title>&#034;Bursting With Emotion: Top 10 Unmissable Romance Anime Of 2024&#034;</title>
		<link>/bursting-with-emotion-top-10-unmissable-romance-anime-of-2024/</link>
		
		<dc:creator><![CDATA[Admin]]></dc:creator>
		<pubDate>Sun, 01 Sep 2024 23:33:00 +0000</pubDate>
				<category><![CDATA[Anime]]></category>
		<category><![CDATA[10]]></category>
		<category><![CDATA[2024quot]]></category>
		<category><![CDATA[anime]]></category>
		<category><![CDATA[emotion]]></category>
		<category><![CDATA[quotbursting]]></category>
		<category><![CDATA[romance]]></category>
		<category><![CDATA[top]]></category>
		<category><![CDATA[unmissable]]></category>
		<guid isPermaLink="false">/bursting-with-emotion-top-10-unmissable-romance-anime-of-2024/</guid>

					<description><![CDATA[Related of &#34;Bursting with Emotion: Top 10 Unmissable Romance Anime of 2024&#34; The Ultimate Showdown:...]]></description>
										<content:encoded><![CDATA[<h2 id="related-of-&quot;bursting-with-emotion:-top-10-unmissable-romance-anime-of-2024&quot;">Related of &quot;Bursting with Emotion: Top 10 Unmissable Romance Anime of 2024&quot;</h2>
<ul>
<li><a href="/the-ultimate-showdown-10-anime-characters-that-will-dominate-2024/">The Ultimate Showdown: 10 Anime Characters That Will Dominate 2024</a></li>
<li><a href="/exploding-with-10-must-watch-anime-shows-of-2024/">Exploding With 10 Must-Watch Anime Shows Of 2024</a></li>
<li><a href="/breakout-hit-the-7-anime-series-dominating-2024/">&quot;Breakout Hit: The 7 Anime Series Dominating 2024&quot;</a></li>
<li><a href="/electrifying-the-big-screen-top-7-anime-blockbusters-dominating-2024/">Electrifying The Big Screen: Top 7 Anime Blockbusters Dominating 2024</a></li>
<li><a href="/epic-love-stories-top-10-anime-couples-of-2024-that-stole-our-hearts/">Epic Love Stories: Top 10 Anime Couples Of 2024 That Stole Our Hearts</a></li>
</ul>
<div id="toc">
<h2>Table of Content</h2>
<ul>
<li><a href="#related-of-&quot;bursting-with-emotion:-top-10-unmissable-romance-anime-of-2024&quot;">1 Related of &quot;Bursting with Emotion: Top 10 Unmissable Romance Anime of 2024&quot;</a></li>
<li><a href="#related-video-about-&quot;bursting-with-emotion:-top-10-unmissable-romance-anime-of-2024&quot;">2 Related Video About &quot;Bursting with Emotion: Top 10 Unmissable Romance Anime of 2024&quot;</a></li>
</ul>
</div>
<h2 id="related-video-about-&quot;bursting-with-emotion:-top-10-unmissable-romance-anime-of-2024&quot;">Related Video About &quot;Bursting with Emotion: Top 10 Unmissable Romance Anime of 2024&quot;</h2>
<p><center></center></p>
<p>&quot;Bursting with Emotion: Top 10 Unmissable Romance Anime of 2024&quot;</p>
<p><img decoding="async" class="aligncenter" src="" alt="&quot;Bursting with Emotion: Top 10 Unmissable Romance Anime of 2024&quot;" width="600" /></p>
<p>As I sat on my couch, binge-watching the latest romance anime series, I couldn&#8217;t help but feel a rush of emotions &#8211; from the butterflies in my stomach to the all-out sob fest that followed. If you&#8217;re anything like me, you&#8217;re probably hooked on the emotional rollercoaster that comes with watching romance anime. And trust me, this year is shaping up to be an incredible one for fans of the genre. In this article, we&#8217;ll dive into the top 10 most popular romance anime of 2024 that you simply can&#8217;t miss.</p>
<p>Before we jump into the list, let me ask you &#8211; what makes a good romance anime? Is it the swoon-worthy love interests, the dramatic plot twists, or the heartwarming moments that make you go &quot;awww&quot;? For me, it&#8217;s a combination of all three. But this year&#8217;s lineup of romance anime is offering something more &#8211; complex characters, beautiful animation, and storylines that tackle real-life issues.</p>
]]></content:encoded>
					
		
		
			</item>
		<item>
		<title>&#034;Unleash The Anime Revolution: Top 10 Must-Watch Shows For Newcomers In 2024&#034;</title>
		<link>/unleash-the-anime-revolution-top-10-must-watch-shows-for-newcomers-in-2024/</link>
		
		<dc:creator><![CDATA[Admin]]></dc:creator>
		<pubDate>Sat, 31 Aug 2024 14:30:00 +0000</pubDate>
				<category><![CDATA[Anime]]></category>
		<category><![CDATA[10]]></category>
		<category><![CDATA[2024quot]]></category>
		<category><![CDATA[anime]]></category>
		<category><![CDATA[mustwatch]]></category>
		<category><![CDATA[newcomers]]></category>
		<category><![CDATA[quotunleash]]></category>
		<category><![CDATA[revolution]]></category>
		<category><![CDATA[shows]]></category>
		<category><![CDATA[top]]></category>
		<guid isPermaLink="false">/unleash-the-anime-revolution-top-10-must-watch-shows-for-newcomers-in-2024/</guid>

					<description><![CDATA[Related of &#34;Unleash the Anime Revolution: Top 10 Must-Watch Shows for Newcomers in 2024&#34; Epic...]]></description>
										<content:encoded><![CDATA[<h2 id="related-of-&quot;unleash-the-anime-revolution:-top-10-must-watch-shows-for-newcomers-in-2024&quot;">Related of &quot;Unleash the Anime Revolution: Top 10 Must-Watch Shows for Newcomers in 2024&quot;</h2>
<ul>
<li><a href="/epic-showdowns-2024s-top-5-most-electrifying-characters-in-action-anime/">Epic Showdowns: 2024&#8217;s Top 5 Most Electrifying Characters In Action Anime</a></li>
<li><a href="/5-anime-series-that-exploded-on-social-media-in-2024/">5 Anime Series That Exploded On Social Media In 2024</a></li>
<li><a href="/top-20-anime-breakthroughs-of-2024-a-jaw-dropping-chart-breakdown/">&quot;Top 20 Anime Breakthroughs Of 2024: A Jaw-Dropping Chart Breakdown&quot;</a></li>
<li><a href="/unstoppable-style-top-10-most-fashionable-anime-characters-of-2024/">&quot;Unstoppable Style: Top 10 Most Fashionable Anime Characters Of 2024&quot;</a></li>
<li><a href="/top-10-most-electrifying-anime-characters-of-2024-the-ultimate-character-showcase/">Top 10 Most Electrifying Anime Characters Of 2024: The Ultimate Character Showcase</a></li>
</ul>
<div id="toc">
<h2>Table of Content</h2>
<ul>
<li><a href="#related-of-&quot;unleash-the-anime-revolution:-top-10-must-watch-shows-for-newcomers-in-2024&quot;">1 Related of &quot;Unleash the Anime Revolution: Top 10 Must-Watch Shows for Newcomers in 2024&quot;</a></li>
<li><a href="#related-video-about-&quot;unleash-the-anime-revolution:-top-10-must-watch-shows-for-newcomers-in-2024&quot;">2 Related Video About &quot;Unleash the Anime Revolution: Top 10 Must-Watch Shows for Newcomers in 2024&quot;</a></li>
</ul>
</div>
<h2 id="related-video-about-&quot;unleash-the-anime-revolution:-top-10-must-watch-shows-for-newcomers-in-2024&quot;">Related Video About &quot;Unleash the Anime Revolution: Top 10 Must-Watch Shows for Newcomers in 2024&quot;</h2>
<p><center></center></p>
<p>&quot;Unleash the Anime Revolution: Top 10 Must-Watch Shows for Newcomers in 2024&quot;</p>
<p><img decoding="async" class="aligncenter" src="" alt="&quot;Unleash the Anime Revolution: Top 10 Must-Watch Shows for Newcomers in 2024&quot;" width="600" /></p>
<p>As I sat on my couch, binge-watching my favorite anime series for the umpteenth time, I realized that I&#8217;d been a fan of this incredible medium for over a decade. But, then I thought, what about those who are just starting their anime journey? What shows should they watch first? This got me thinking, and I decided to compile a list of the top 10 anime shows that every newcomer should see in 2024.</p>
<p>Growing up, anime was more of a niche thing, but now it&#8217;s a global phenomenon. Anime has evolved significantly over the years, with various genres, styles, and themes catering to diverse audiences. From action-packed adventures to heart-wrenching dramas, anime has something for everyone. But, with so many great shows out there, it can be daunting to decide where to start.</p>
]]></content:encoded>
					
		
		
			</item>
		<item>
		<title>&#034;Phenomenal Anime Powerhouses: 7 Long-Running Shows That Continue To Thrive In 2024&#034;</title>
		<link>/phenomenal-anime-powerhouses-7-long-running-shows-that-continue-to-thrive-in-2024/</link>
		
		<dc:creator><![CDATA[Admin]]></dc:creator>
		<pubDate>Fri, 30 Aug 2024 06:25:00 +0000</pubDate>
				<category><![CDATA[Anime]]></category>
		<category><![CDATA[2024quot]]></category>
		<category><![CDATA[anime]]></category>
		<category><![CDATA[continue]]></category>
		<category><![CDATA[longrunning]]></category>
		<category><![CDATA[powerhouses]]></category>
		<category><![CDATA[quotphenomenal]]></category>
		<category><![CDATA[shows]]></category>
		<category><![CDATA[that]]></category>
		<category><![CDATA[thrive]]></category>
		<category><![CDATA[to]]></category>
		<guid isPermaLink="false">/phenomenal-anime-powerhouses-7-long-running-shows-that-continue-to-thrive-in-2024/</guid>

					<description><![CDATA[Related of &#34;Phenomenal Anime Powerhouses: 7 Long-Running Shows That Continue to Thrive in 2024&#34; Revolutionizing...]]></description>
										<content:encoded><![CDATA[<h2 id="related-of-&quot;phenomenal-anime-powerhouses:-7-long-running-shows-that-continue-to-thrive-in-2024&quot;">Related of &quot;Phenomenal Anime Powerhouses: 7 Long-Running Shows That Continue to Thrive in 2024&quot;</h2>
<ul>
<li><a href="/revolutionizing-10-anime-series-breaking-boundaries-in-2024/">Revolutionizing 10 Anime Series Breaking Boundaries In 2024</a></li>
<li><a href="/unleash-the-fun-2024s-10-best-anime-for-younger-audiences/">Unleash The Fun: 2024&#8217;s 10 Best Anime For Younger Audiences</a></li>
<li><a href="/6-heart-wrenching-anime-moments-of-2024-that-left-us-breathless/">&quot;6 Heart-Wrenching Anime Moments Of 2024 That Left Us Breathless&quot;</a></li>
<li><a href="/2024s-top-10-unstoppable-anime-shows-fans-cant-get-enough-of/">2024&#8217;s Top 10 Unstoppable Anime Shows Fans Can&#8217;t Get Enough Of</a></li>
<li><a href="/mind-blowing-top-10-most-popular-anime-of-2024-you-cant-miss/">Mind-Blowing Top 10 Most Popular Anime Of 2024 You Can&#8217;t Miss</a></li>
</ul>
<div id="toc">
<h2>Table of Content</h2>
<ul>
<li><a href="#related-of-&quot;phenomenal-anime-powerhouses:-7-long-running-shows-that-continue-to-thrive-in-2024&quot;">1 Related of &quot;Phenomenal Anime Powerhouses: 7 Long-Running Shows That Continue to Thrive in 2024&quot;</a></li>
<li><a href="#related-video-about-&quot;phenomenal-anime-powerhouses:-7-long-running-shows-that-continue-to-thrive-in-2024&quot;">2 Related Video About &quot;Phenomenal Anime Powerhouses: 7 Long-Running Shows That Continue to Thrive in 2024&quot;</a></li>
</ul>
</div>
<h2 id="related-video-about-&quot;phenomenal-anime-powerhouses:-7-long-running-shows-that-continue-to-thrive-in-2024&quot;">Related Video About &quot;Phenomenal Anime Powerhouses: 7 Long-Running Shows That Continue to Thrive in 2024&quot;</h2>
<p><center></center></p>
<p>&quot;Phenomenal Anime Powerhouses: 7 Long-Running Shows That Continue to Thrive in 2024&quot;</p>
<p><img decoding="async" class="aligncenter" src="" alt="&quot;Phenomenal Anime Powerhouses: 7 Long-Running Shows That Continue to Thrive in 2024&quot;" width="600" /></p>
<p>Are you an anime fan struggling to keep up with the latest series? Look no further. While new shows are always popping up, there are some long-running anime that remain as captivating as ever. These iconic series have become institutions in the world of anime, entertaining fans for years on end. As someone who&#8217;s followed many of these series from their early days, I&#8217;m excited to share my insights on the top long-running anime still going strong in 2024.</p>
<ol>
]]></content:encoded>
					
		
		
			</item>
		<item>
		<title>&#034;Electrifying Top 10: The Most Thrilling Anime Episodes That Are Dominating 2024&#034;</title>
		<link>/electrifying-top-10-the-most-thrilling-anime-episodes-that-are-dominating-2024/</link>
		
		<dc:creator><![CDATA[Admin]]></dc:creator>
		<pubDate>Fri, 23 Aug 2024 08:26:00 +0000</pubDate>
				<category><![CDATA[Anime]]></category>
		<category><![CDATA[10]]></category>
		<category><![CDATA[2024quot]]></category>
		<category><![CDATA[anime]]></category>
		<category><![CDATA[dominating]]></category>
		<category><![CDATA[episodes]]></category>
		<category><![CDATA[most]]></category>
		<category><![CDATA[quotelectrifying]]></category>
		<category><![CDATA[that]]></category>
		<category><![CDATA[thrilling]]></category>
		<category><![CDATA[top]]></category>
		<guid isPermaLink="false">/electrifying-top-10-the-most-thrilling-anime-episodes-that-are-dominating-2024/</guid>

					<description><![CDATA[Related of &#34;Electrifying Top 10: The Most Thrilling Anime Episodes That Are Dominating 2024&#34; 2024&#8217;s...]]></description>
										<content:encoded><![CDATA[<h2 id="related-of-&quot;electrifying-top-10:-the-most-thrilling-anime-episodes-that-are-dominating-2024&quot;">Related of &quot;Electrifying Top 10: The Most Thrilling Anime Episodes That Are Dominating 2024&quot;</h2>
<ul>
<li><a href="/2024s-7-most-electrifying-anime-productions-that-will-blow-your-mind/">2024&#8217;s 7 Most Electrifying Anime Productions That Will Blow Your Mind</a></li>
<li><a href="/the-ultimate-showdown-10-anime-characters-that-will-dominate-2024/">The Ultimate Showdown: 10 Anime Characters That Will Dominate 2024</a></li>
<li><a href="/exploding-with-10-must-watch-anime-shows-of-2024/">Exploding With 10 Must-Watch Anime Shows Of 2024</a></li>
<li><a href="/electrifying-the-10-anime-revolution-of-2024-a-year-to-remember/">&quot;Electrifying The 10 Anime Revolution Of 2024: A Year To Remember&quot;</a></li>
<li><a href="/mind-blowing-masterpiece-2024s-anime-of-the-year-echoes-of-eternity-leaves-fans-in-awe/">&quot;Mind-Blowing Masterpiece: 2024&#8217;s Anime Of The Year &#8211; &#8216;Echoes Of Eternity&#8217; Leaves Fans In Awe&quot;</a></li>
</ul>
<div id="toc">
<h2>Table of Content</h2>
<ul>
<li><a href="#related-of-&quot;electrifying-top-10:-the-most-thrilling-anime-episodes-that-are-dominating-2024&quot;">1 Related of &quot;Electrifying Top 10: The Most Thrilling Anime Episodes That Are Dominating 2024&quot;</a></li>
<li><a href="#related-video-about-&quot;electrifying-top-10:-the-most-thrilling-anime-episodes-that-are-dominating-2024&quot;">2 Related Video About &quot;Electrifying Top 10: The Most Thrilling Anime Episodes That Are Dominating 2024&quot;</a></li>
</ul>
</div>
<h2 id="related-video-about-&quot;electrifying-top-10:-the-most-thrilling-anime-episodes-that-are-dominating-2024&quot;">Related Video About &quot;Electrifying Top 10: The Most Thrilling Anime Episodes That Are Dominating 2024&quot;</h2>
<p><center></center></p>
<p>&quot;Electrifying Top 10: The Most Thrilling Anime Episodes That Are Dominating 2024&quot;</p>
<p><img decoding="async" class="aligncenter" src="" alt="&quot;Electrifying Top 10: The Most Thrilling Anime Episodes That Are Dominating 2024&quot;" width="600" /></p>
<p>If you&#8217;re anything like me, 2024 has been a wild ride so far, and I&#8217;m not just talking about the latest plot twists in our favorite anime series. With the rise of streaming platforms and social media, it&#8217;s easier than ever to stay connected with fellow fans and keep up-to-date on the latest anime trends. In this article, I&#8217;ll be counting down the top 10 most popular anime episodes of 2024 that are leaving viewers on the edge of their seats.</p>
<p>But before I dive in, I want to take a moment to talk about what makes an anime episode truly great. For me, it&#8217;s all about that perfect balance of action, drama, and humor. When an episode can seamlessly weave together all of these elements and leave me feeling invested in the characters and their journey, I know I&#8217;ve found something special.</p>
]]></content:encoded>
					
		
		
			</item>
		<item>
		<title>&#034; Explosive 10 Anime That Are Taking Over Streaming Platforms In 2024&#034;</title>
		<link>/explosive-10-anime-that-are-taking-over-streaming-platforms-in-2024/</link>
		
		<dc:creator><![CDATA[Admin]]></dc:creator>
		<pubDate>Sat, 17 Aug 2024 23:31:00 +0000</pubDate>
				<category><![CDATA[Anime]]></category>
		<category><![CDATA[10]]></category>
		<category><![CDATA[2024quot]]></category>
		<category><![CDATA[anime]]></category>
		<category><![CDATA[explosive]]></category>
		<category><![CDATA[platforms]]></category>
		<category><![CDATA[quot]]></category>
		<category><![CDATA[streaming]]></category>
		<category><![CDATA[taking]]></category>
		<category><![CDATA[that]]></category>
		<guid isPermaLink="false">/explosive-10-anime-that-are-taking-over-streaming-platforms-in-2024/</guid>

					<description><![CDATA[Related of &#34; Explosive 10 Anime that are Taking Over Streaming Platforms in 2024&#34; Epic...]]></description>
										<content:encoded><![CDATA[<h2 id="related-of-&quot;-explosive-10-anime-that-are-taking-over-streaming-platforms-in-2024&quot;">Related of &quot; Explosive 10 Anime that are Taking Over Streaming Platforms in 2024&quot;</h2>
<ul>
<li><a href="/epic-10-anime-rivals-that-fuel-the-fire-of-competition/">Epic 10 Anime Rivals That Fuel The Fire Of Competition</a></li>
<li><a href="/mesmerizing-historical-anime-of-2024-to-add-to-your-watchlist-top-5-picks/">MESMERIZING Historical Anime Of 2024 To Add To Your Watchlist: Top 5 Picks</a></li>
<li><a href="/electrifying-anime-hits-of-2024-the-top-10-must-watch-shows-that-will-leave-you-breathless/">&quot;Electrifying Anime Hits Of 2024: The Top 10 Must-Watch Shows That Will Leave You Breathless&quot;</a></li>
<li><a href="/the-hidden-gems-of-2024-unleashing-the-overlooked-anime-masterpieces/">The Hidden Gems Of 2024: Unleashing The Overlooked Anime Masterpieces</a></li>
<li><a href="/7-electrifying-anime-storylines-dominating-2024/">7 Electrifying Anime Storylines Dominating 2024</a></li>
</ul>
<div id="toc">
<h2>Table of Content</h2>
<ul>
<li><a href="#related-of-&quot;-explosive-10-anime-that-are-taking-over-streaming-platforms-in-2024&quot;">1 Related of &quot; Explosive 10 Anime that are Taking Over Streaming Platforms in 2024&quot;</a></li>
<li><a href="#related-video-about-&quot;-explosive-10-anime-that-are-taking-over-streaming-platforms-in-2024&quot;">2 Related Video About &quot; Explosive 10 Anime that are Taking Over Streaming Platforms in 2024&quot;</a></li>
</ul>
</div>
<h2 id="related-video-about-&quot;-explosive-10-anime-that-are-taking-over-streaming-platforms-in-2024&quot;">Related Video About &quot; Explosive 10 Anime that are Taking Over Streaming Platforms in 2024&quot;</h2>
<p><center></center></p>
<p>&quot; Explosive 10 Anime that are Taking Over Streaming Platforms in 2024&quot;</p>
<p><img decoding="async" class="aligncenter" src="" alt="&quot; Explosive 10 Anime that are Taking Over Streaming Platforms in 2024&quot;" width="600" /></p>
<p>If you&#8217;re an anime fan, you&#8217;re probably no stranger to the endless hours you can spend binge-watching your favorite shows on streaming platforms. From action-packed adventures to heartwarming romances, anime has something to offer for every kind of viewer. But have you ever wondered which anime shows are currently dominating the streaming world?</p>
<p>As someone who&#8217;s guilty of spending an entire weekend devouring an entire season of &quot;Attack on Titan,&quot; I decided to dive into the world of streaming analytics to see which anime shows are currently the most watched. From the results, I&#8217;ve curated a list of the top 10 most watched anime on streaming platforms in 2024.</p>
]]></content:encoded>
					
		
		
			</item>
		<item>
		<title>&#034;Electrifying Top 10: Unleashing The Ultimate Fan-Voted Anime Films Of 2024&#034;</title>
		<link>/electrifying-top-10-unleashing-the-ultimate-fan-voted-anime-films-of-2024/</link>
		
		<dc:creator><![CDATA[Admin]]></dc:creator>
		<pubDate>Fri, 16 Aug 2024 05:15:00 +0000</pubDate>
				<category><![CDATA[Anime]]></category>
		<category><![CDATA[10]]></category>
		<category><![CDATA[2024quot]]></category>
		<category><![CDATA[anime]]></category>
		<category><![CDATA[fanvoted]]></category>
		<category><![CDATA[films]]></category>
		<category><![CDATA[quotelectrifying]]></category>
		<category><![CDATA[top]]></category>
		<category><![CDATA[ultimate]]></category>
		<category><![CDATA[unleashing]]></category>
		<guid isPermaLink="false">/electrifying-top-10-unleashing-the-ultimate-fan-voted-anime-films-of-2024/</guid>

					<description><![CDATA[Related of &#34;Electrifying Top 10: Unleashing the Ultimate Fan-Voted Anime Films of 2024&#34; &#34;Sensational Anime...]]></description>
										<content:encoded><![CDATA[<h2 id="related-of-&quot;electrifying-top-10:-unleashing-the-ultimate-fan-voted-anime-films-of-2024&quot;">Related of &quot;Electrifying Top 10: Unleashing the Ultimate Fan-Voted Anime Films of 2024&quot;</h2>
<ul>
<li><a href="/sensational-anime-of-2024-7-reasons-why-ouroboros-is-leaving-everyone-speechless/">&quot;Sensational Anime Of 2024: 7 Reasons Why &#8216;Ouroboros&#8217; Is Leaving Everyone Speechless</a></li>
<li><a href="/unleashing-23-innovative-anime-concepts-in-2024-that-will-revolutionize-the-industry/">&quot;Unleashing 23 Innovative Anime Concepts In 2024 That Will Revolutionize The Industry&quot;</a></li>
<li><a href="/7-fearless-anime-heroes-who-are-redefining-power-in-2024/">7 Fearless Anime Heroes Who Are Redefining Power In 2024</a></li>
<li><a href="/electrifying-top-10-the-most-thrilling-anime-episodes-that-are-dominating-2024/">&quot;Electrifying Top 10: The Most Thrilling Anime Episodes That Are Dominating 2024&quot;</a></li>
<li><a href="/top-10-most-electrifying-anime-on-myanimelist-in-2024-a-shocking-revelation/">&quot;Top 10 Most Electrifying Anime On MyAnimeList In 2024: A Shocking Revelation&quot;</a></li>
</ul>
<div id="toc">
<h2>Table of Content</h2>
<ul>
<li><a href="#related-of-&quot;electrifying-top-10:-unleashing-the-ultimate-fan-voted-anime-films-of-2024&quot;">1 Related of &quot;Electrifying Top 10: Unleashing the Ultimate Fan-Voted Anime Films of 2024&quot;</a></li>
<li><a href="#related-video-about-&quot;electrifying-top-10:-unleashing-the-ultimate-fan-voted-anime-films-of-2024&quot;">2 Related Video About &quot;Electrifying Top 10: Unleashing the Ultimate Fan-Voted Anime Films of 2024&quot;</a></li>
</ul>
</div>
<h2 id="related-video-about-&quot;electrifying-top-10:-unleashing-the-ultimate-fan-voted-anime-films-of-2024&quot;">Related Video About &quot;Electrifying Top 10: Unleashing the Ultimate Fan-Voted Anime Films of 2024&quot;</h2>
<p><center></center></p>
<p>&quot;Electrifying Top 10: Unleashing the Ultimate Fan-Voted Anime Films of 2024&quot;</p>
<p><img decoding="async" class="aligncenter" src="" alt="&quot;Electrifying Top 10: Unleashing the Ultimate Fan-Voted Anime Films of 2024&quot;" width="600" /></p>
<p>As an anime enthusiast, there&#8217;s nothing quite like the thrill of immersing myself in a world of vibrant characters, captivating storylines, and stunning visuals. With the rise of online platforms and social media, fans can now share their opinions and voice their love for their favorite anime films. In this article, we&#8217;ll dive into the Top 10 Fan-Voted Anime Films of 2024, as voted by the community. From action-packed adventures to heartwarming dramas, we&#8217;ll explore the cream of the crop that has left fans electrified.</p>
<p><strong>10. Suzume no Tojimari (Suzume Locks Up the Doors)</strong></p>
]]></content:encoded>
					
		
		
			</item>
		<item>
		<title>&#034;10 Jaw-Dropping Post-Apocalyptic Anime ToObsess Over In 2024&#034;</title>
		<link>/10-jaw-dropping-post-apocalyptic-anime-toobsess-over-in-2024/</link>
		
		<dc:creator><![CDATA[Admin]]></dc:creator>
		<pubDate>Tue, 13 Aug 2024 00:19:00 +0000</pubDate>
				<category><![CDATA[Anime]]></category>
		<category><![CDATA[2024quot]]></category>
		<category><![CDATA[anime]]></category>
		<category><![CDATA[jawdropping]]></category>
		<category><![CDATA[postapocalyptic]]></category>
		<category><![CDATA[quot10]]></category>
		<category><![CDATA[toobsess]]></category>
		<guid isPermaLink="false">/10-jaw-dropping-post-apocalyptic-anime-toobsess-over-in-2024/</guid>

					<description><![CDATA[Related of &#34;10 Jaw-Dropping Post-Apocalyptic Anime toObsess Over in 2024&#34; &#34;Mind-Blowing Anime Of 2024: Top...]]></description>
										<content:encoded><![CDATA[<h2 id="related-of-&quot;10-jaw-dropping-post-apocalyptic-anime-toobsess-over-in-2024&quot;">Related of &quot;10 Jaw-Dropping Post-Apocalyptic Anime toObsess Over in 2024&quot;</h2>
<ul>
<li><a href="/mind-blowing-anime-of-2024-top-10-picks-to-obsess-over/">&quot;Mind-Blowing Anime Of 2024: Top 10 Picks To Obsess Over&quot;</a></li>
<li><a href="/2024s-jaw-dropping-top-10-anime-character-designs-that-stun-audiences/">2024&#8217;s Jaw-Dropping Top 10 Anime Character Designs That Stun Audiences</a></li>
<li><a href="/revolutionary-anime-storm-top-7-shows-capturing-fans-hearts-in-2024/">Revolutionary Anime Storm: Top 7 Shows Capturing Fans&#8217; Hearts In 2024</a></li>
<li><a href="/revolutionary-anime-that-took-2024-by-storm-5-groundbreaking-shows/">Revolutionary Anime That Took 2024 By Storm: 5 Groundbreaking Shows</a></li>
<li><a href="/sensational-breakouts-top-5-most-streamed-anime-series-of-2024/">Sensational Breakouts: Top 5 Most Streamed Anime Series Of 2024</a></li>
</ul>
<div id="toc">
<h2>Table of Content</h2>
<ul>
<li><a href="#related-of-&quot;10-jaw-dropping-post-apocalyptic-anime-toobsess-over-in-2024&quot;">1 Related of &quot;10 Jaw-Dropping Post-Apocalyptic Anime toObsess Over in 2024&quot;</a></li>
<li><a href="#related-video-about-&quot;10-jaw-dropping-post-apocalyptic-anime-toobsess-over-in-2024&quot;">2 Related Video About &quot;10 Jaw-Dropping Post-Apocalyptic Anime toObsess Over in 2024&quot;</a></li>
</ul>
</div>
<h2 id="related-video-about-&quot;10-jaw-dropping-post-apocalyptic-anime-toobsess-over-in-2024&quot;">Related Video About &quot;10 Jaw-Dropping Post-Apocalyptic Anime toObsess Over in 2024&quot;</h2>
<p><center></center></p>
<p><strong>&quot;10 Jaw-Dropping Post-Apocalyptic Anime toObsess Over in 2024&quot;</strong></p>
<p><img decoding="async" class="aligncenter" src="" alt="&quot;10 Jaw-Dropping Post-Apocalyptic Anime toObsess Over in 2024&quot;" width="600" /></p>
<p>The post-apocalyptic genre has always fascinated me. There&#8217;s something about the idea of a world on the brink of collapse that sparks my imagination. As a long-time anime fan, I&#8217;ve had the pleasure of exploring this theme through various series. In this article, I&#8217;ll be counting down my top picks for post-apocalyptic anime in 2024.</p>
<p>From action-packed adventures to emotional dramas, these shows will transport you to a world that&#8217;s both hauntingly beautiful and thought-provoking. Whether you&#8217;re a seasoned anime enthusiast or new to the scene, this list has something for everyone.</p>
]]></content:encoded>
					
		
		
			</item>
	</channel>
</rss>
