<?xml version="1.0" encoding="UTF-8"?><rss version="2.0"
	xmlns:content="http://purl.org/rss/1.0/modules/content/"
	xmlns:wfw="http://wellformedweb.org/CommentAPI/"
	xmlns:dc="http://purl.org/dc/elements/1.1/"
	xmlns:atom="http://www.w3.org/2005/Atom"
	xmlns:sy="http://purl.org/rss/1.0/modules/syndication/"
	xmlns:slash="http://purl.org/rss/1.0/modules/slash/"
	>

<channel>
	<title>acts &#8211; Views Update</title>
	<atom:link href="/tag/acts/feed/" rel="self" type="application/rss+xml" />
	<link></link>
	<description></description>
	<lastBuildDate>Thu, 20 Jun 2024 01:50:00 +0000</lastBuildDate>
	<language>en-US</language>
	<sy:updatePeriod>
	hourly	</sy:updatePeriod>
	<sy:updateFrequency>
	1	</sy:updateFrequency>
	<generator>https://wordpress.org/?v=6.6.2</generator>
	<item>
		<title>Epic&#8217;s 5 Most Heroic Anime Sacrifices Of 2024: How Selfless Acts Can Inspire Us All</title>
		<link>/epics-5-most-heroic-anime-sacrifices-of-2024-how-selfless-acts-can-inspire-us-all/</link>
		
		<dc:creator><![CDATA[Admin]]></dc:creator>
		<pubDate>Thu, 20 Jun 2024 01:50:00 +0000</pubDate>
				<category><![CDATA[Anime]]></category>
		<category><![CDATA[2024]]></category>
		<category><![CDATA[acts]]></category>
		<category><![CDATA[all]]></category>
		<category><![CDATA[anime]]></category>
		<category><![CDATA[epics]]></category>
		<category><![CDATA[heroic]]></category>
		<category><![CDATA[how]]></category>
		<category><![CDATA[inspire]]></category>
		<category><![CDATA[most]]></category>
		<category><![CDATA[sacrifices]]></category>
		<category><![CDATA[selfless]]></category>
		<category><![CDATA[us]]></category>
		<guid isPermaLink="false">/epics-5-most-heroic-anime-sacrifices-of-2024-how-selfless-acts-can-inspire-us-all/</guid>

					<description><![CDATA[Related of Epic&#8217;s 5 Most Heroic Anime Sacrifices of 2024: How Selfless Acts Can Inspire...]]></description>
										<content:encoded><![CDATA[<h2 id="related-of-epic's-5-most-heroic-anime-sacrifices-of-2024:-how-selfless-acts-can-inspire-us-all">Related of Epic&#8217;s 5 Most Heroic Anime Sacrifices of 2024: How Selfless Acts Can Inspire Us All</h2>
<ul>
<li><a href="/sensational-breakouts-top-5-most-streamed-anime-series-of-2024/">Sensational Breakouts: Top 5 Most Streamed Anime Series Of 2024</a></li>
<li><a href="/electrifying-2024-top-8-must-see-new-anime-releases-to-obsess-over/">Electrifying 2024: Top 8 Must-See New Anime Releases To Obsess Over</a></li>
<li><a href="/the-10-most-heart-shattering-anime-moments-that-will-leave-you-breathless-in-2024/">The 10 Most Heart-Shattering Anime Moments That Will Leave You Breathless In 2024</a></li>
<li><a href="/revolutionary-road-10-anime-shows-breaking-genre-conventions-in-2024/">&quot;Revolutionary Road: 10 Anime Shows Breaking Genre Conventions In 2024&quot;</a></li>
<li><a href="/8-electrifying-moments-in-2024-anime-that-will-spark-a-passion-within-you/">&quot;8 Electrifying Moments In 2024 Anime That Will Spark A Passion Within You&quot;</a></li>
</ul>
<div id="toc">
<h2>Table of Content</h2>
<ul>
<li><a href="#related-of-epic's-5-most-heroic-anime-sacrifices-of-2024:-how-selfless-acts-can-inspire-us-all">1 Related of Epic&#8217;s 5 Most Heroic Anime Sacrifices of 2024: How Selfless Acts Can Inspire Us All</a></li>
<li><a href="#related-video-about-epic's-5-most-heroic-anime-sacrifices-of-2024:-how-selfless-acts-can-inspire-us-all">2 Related Video About Epic&#8217;s 5 Most Heroic Anime Sacrifices of 2024: How Selfless Acts Can Inspire Us All</a></li>
</ul>
</div>
<h2 id="related-video-about-epic's-5-most-heroic-anime-sacrifices-of-2024:-how-selfless-acts-can-inspire-us-all">Related Video About Epic&#8217;s 5 Most Heroic Anime Sacrifices of 2024: How Selfless Acts Can Inspire Us All</h2>
<p><center></center></p>
<p>Epic&#8217;s 5 Most Heroic Anime Sacrifices of 2024: How Selfless Acts Can Inspire Us All</p>
<p><img decoding="async" class="aligncenter" src="https://cdn.firstcuriosity.com/wp-content/uploads/2022/07/22002133/Adobe_Express_20220722_0019430.jpg" alt="Epic's 5 Most Heroic Anime Sacrifices of 2024: How Selfless Acts Can Inspire Us All" width="600" /></p>
<p>The world of anime is filled with courageous heroes who risk everything to protect their loved ones and fight for what&#8217;s right. One of the most impactful ways anime characters show their bravery is through selfless sacrifices. These acts of heroism can be both heartbreaking and inspiring, making us reflect on our own values and what we&#8217;re willing to give up for the greater good.</p>
<p>In this article, we&#8217;ll explore the top 5 most heroic anime sacrifices of 2024, and what we can learn from these incredible examples of courage and devotion. Whether you&#8217;re a seasoned anime fan or just discovering the world of Japanese animation, these stories are sure to leave you feeling motivated and inspired.</p>
]]></content:encoded>
					
		
		
			</item>
	</channel>
</rss>
