<?xml version="1.0" encoding="UTF-8"?><rss version="2.0"
	xmlns:content="http://purl.org/rss/1.0/modules/content/"
	xmlns:wfw="http://wellformedweb.org/CommentAPI/"
	xmlns:dc="http://purl.org/dc/elements/1.1/"
	xmlns:atom="http://www.w3.org/2005/Atom"
	xmlns:sy="http://purl.org/rss/1.0/modules/syndication/"
	xmlns:slash="http://purl.org/rss/1.0/modules/slash/"
	>

<channel>
	<title>13 &#8211; Views Update</title>
	<atom:link href="/tag/13/feed/" rel="self" type="application/rss+xml" />
	<link></link>
	<description></description>
	<lastBuildDate>Wed, 14 Aug 2024 16:35:00 +0000</lastBuildDate>
	<language>en-US</language>
	<sy:updatePeriod>
	hourly	</sy:updatePeriod>
	<sy:updateFrequency>
	1	</sy:updateFrequency>
	<generator>https://wordpress.org/?v=6.6.2</generator>
	<item>
		<title>13 Epic Face-Offs: The Intense Fight Scene Showdown Of 2024</title>
		<link>/13-epic-face-offs-the-intense-fight-scene-showdown-of-2024/</link>
		
		<dc:creator><![CDATA[Admin]]></dc:creator>
		<pubDate>Wed, 14 Aug 2024 16:35:00 +0000</pubDate>
				<category><![CDATA[Anime]]></category>
		<category><![CDATA[13]]></category>
		<category><![CDATA[2024]]></category>
		<category><![CDATA[epic]]></category>
		<category><![CDATA[faceoffs]]></category>
		<category><![CDATA[fight]]></category>
		<category><![CDATA[intense]]></category>
		<category><![CDATA[scene]]></category>
		<category><![CDATA[showdown]]></category>
		<guid isPermaLink="false">/13-epic-face-offs-the-intense-fight-scene-showdown-of-2024/</guid>

					<description><![CDATA[Related of 13 Epic Face-Offs: The Intense Fight Scene Showdown of 2024 Anime Masters: Top...]]></description>
										<content:encoded><![CDATA[<h2 id="related-of-13-epic-face-offs:-the-intense-fight-scene-showdown-of-2024">Related of 13 Epic Face-Offs: The Intense Fight Scene Showdown of 2024</h2>
<ul>
<li><a href="/anime-masters-top-10-most-dominant-male-characters-of-2024/">Anime Masters: Top 10 Most Dominant Male Characters Of 2024</a></li>
<li><a href="/electric-top-10-anime-films-of-2024-that-will-leave-you-breathless/">&quot;Electric: Top 10 Anime Films Of 2024 That Will Leave You Breathless&quot;</a></li>
<li><a href="/electrifying-2024-5-breakout-anime-that-are-rewiring-the-game/">&quot;Electrifying 2024: 5 Breakout Anime That Are Rewiring The Game&quot;</a></li>
<li><a href="/8-electrifying-anime-with-the-most-epic-soundtracks-in-2024-that-will-blow-your-mind/">&quot;8 Electrifying Anime With The Most Epic Soundtracks In 2024 That Will Blow Your Mind&quot;</a></li>
<li><a href="/unstoppable-20-the-female-anime-characters-redefining-power-in-2024/">&quot;Unstoppable 20: The Female Anime Characters Redefining Power In 2024&quot;</a></li>
</ul>
<div id="toc">
<h2>Table of Content</h2>
<ul>
<li><a href="#related-of-13-epic-face-offs:-the-intense-fight-scene-showdown-of-2024">1 Related of 13 Epic Face-Offs: The Intense Fight Scene Showdown of 2024</a></li>
<li><a href="#related-video-about-13-epic-face-offs:-the-intense-fight-scene-showdown-of-2024">2 Related Video About 13 Epic Face-Offs: The Intense Fight Scene Showdown of 2024</a></li>
</ul>
</div>
<h2 id="related-video-about-13-epic-face-offs:-the-intense-fight-scene-showdown-of-2024">Related Video About 13 Epic Face-Offs: The Intense Fight Scene Showdown of 2024</h2>
<p><center></center></p>
<p>13 Epic Face-Offs: The Intense Fight Scene Showdown of 2024</p>
<p><img decoding="async" class="aligncenter" src="https://staticg.sportskeeda.com/editor/2022/08/3e73f-16604106351574-1920.jpg" alt="13 Epic Face-Offs: The Intense Fight Scene Showdown of 2024" width="600" /></p>
<p>As the lights dimmed in the cinema hall, I felt my heart racing in anticipation. The characters on the big screen were about to clash, and I was ready to witness the mayhem unfold. The year 2024 has seen its fair share of adrenaline-fueled fight scenes, leaving us all on the edge of our seats. From superheroes to martial artists, these epic showdowns have redefined the art of combat on screen.</p>
<p><strong>The Rise of Hand-to-Hand Combat</strong></p>
]]></content:encoded>
					
		
		
			</item>
	</channel>
</rss>
