<?xml version="1.0" encoding="UTF-8"?><rss version="2.0"
	xmlns:content="http://purl.org/rss/1.0/modules/content/"
	xmlns:wfw="http://wellformedweb.org/CommentAPI/"
	xmlns:dc="http://purl.org/dc/elements/1.1/"
	xmlns:atom="http://www.w3.org/2005/Atom"
	xmlns:sy="http://purl.org/rss/1.0/modules/syndication/"
	xmlns:slash="http://purl.org/rss/1.0/modules/slash/"
	>

<channel>
	<title>absolute &#8211; Views Update</title>
	<atom:link href="/tag/absolute/feed/" rel="self" type="application/rss+xml" />
	<link></link>
	<description></description>
	<lastBuildDate>Sun, 14 Jul 2024 03:05:00 +0000</lastBuildDate>
	<language>en-US</language>
	<sy:updatePeriod>
	hourly	</sy:updatePeriod>
	<sy:updateFrequency>
	1	</sy:updateFrequency>
	<generator>https://wordpress.org/?v=6.6.2</generator>
	<item>
		<title>10 Anime Shows That Unleashed Absolute Chaos On Streaming Services In 2024</title>
		<link>/10-anime-shows-that-unleashed-absolute-chaos-on-streaming-services-in-2024/</link>
		
		<dc:creator><![CDATA[Admin]]></dc:creator>
		<pubDate>Sun, 14 Jul 2024 03:05:00 +0000</pubDate>
				<category><![CDATA[Anime]]></category>
		<category><![CDATA[10]]></category>
		<category><![CDATA[2024]]></category>
		<category><![CDATA[absolute]]></category>
		<category><![CDATA[anime]]></category>
		<category><![CDATA[chaos]]></category>
		<category><![CDATA[services]]></category>
		<category><![CDATA[shows]]></category>
		<category><![CDATA[streaming]]></category>
		<category><![CDATA[that]]></category>
		<category><![CDATA[unleashed]]></category>
		<guid isPermaLink="false">/10-anime-shows-that-unleashed-absolute-chaos-on-streaming-services-in-2024/</guid>

					<description><![CDATA[Related of 10 Anime Shows That Unleashed Absolute Chaos on Streaming Services in 2024 Electrifying...]]></description>
										<content:encoded><![CDATA[<h2 id="related-of-10-anime-shows-that-unleashed-absolute-chaos-on-streaming-services-in-2024">Related of 10 Anime Shows That Unleashed Absolute Chaos on Streaming Services in 2024</h2>
<ul>
<li><a href="/electrifying-anime-kisses-of-2024-7-unforgettable-lip-locks-that-left-fans-weak-in-the-knees/">Electrifying Anime Kisses Of 2024: 7 Unforgettable Lip Locks That Left Fans Weak In The Knees</a></li>
<li><a href="/incredible-anime-heroes-of-2024-our-top-10-picks/">Incredible Anime Heroes Of 2024: Our Top 10 Picks</a></li>
<li><a href="/electrifying-2024-top-7-unforgettable-heist-scenes-in-anime-that-will-keep-you-on-the-edge/">&quot;Electrifying 2024: Top 7 Unforgettable Heist Scenes In Anime That Will Keep You On The Edge&quot;</a></li>
<li><a href="/the-most-epic-10-friendship-moments-in-anime-2024-that-will-restore-your-faith-in-humanity/">The Most Epic 10 Friendship Moments In Anime 2024 That Will Restore Your Faith In Humanity</a></li>
<li><a href="/10-essential-anime-to-obsess-over-in-2024-the-ultimate-power-list/">&quot;10 Essential Anime To Obsess Over In 2024: The Ultimate Power List&quot;</a></li>
</ul>
<div id="toc">
<h2>Table of Content</h2>
<ul>
<li><a href="#related-of-10-anime-shows-that-unleashed-absolute-chaos-on-streaming-services-in-2024">1 Related of 10 Anime Shows That Unleashed Absolute Chaos on Streaming Services in 2024</a></li>
<li><a href="#related-video-about-10-anime-shows-that-unleashed-absolute-chaos-on-streaming-services-in-2024">2 Related Video About 10 Anime Shows That Unleashed Absolute Chaos on Streaming Services in 2024</a></li>
</ul>
</div>
<h2 id="related-video-about-10-anime-shows-that-unleashed-absolute-chaos-on-streaming-services-in-2024">Related Video About 10 Anime Shows That Unleashed Absolute Chaos on Streaming Services in 2024</h2>
<p><center></center></p>
<p>10 Anime Shows That Unleashed Absolute Chaos on Streaming Services in 2024</p>
<p><img decoding="async" class="aligncenter" src="https://anime.fate-go.us/ep7-tv/tv/assets/img/top/img_main_pc.jpg" alt="10 Anime Shows That Unleashed Absolute Chaos on Streaming Services in 2024" width="600" /></p>
<p>If 2023 was a warm-up for the anime industry, 2024 is shaping up to be an all-out assault on our senses. With more platforms than ever before catering to the diverse tastes of anime enthusiasts worldwide, the options can be overwhelming. But, in the midst of this anime gold rush, some shows stood out from the pack, captivating audiences, sparking debates, and breaking records. Here are the top 10 anime shows that dominated the streaming services in 2024, leaving an indelible mark on our screens and our collective psyche.</p>
<h1>10: Hell&#8217;s Paradise (Netflix) &#8211; A Haunting Masterpiece</h1>
]]></content:encoded>
					
		
		
			</item>
	</channel>
</rss>
