<?xml version="1.0" encoding="UTF-8"?><rss version="2.0"
	xmlns:content="http://purl.org/rss/1.0/modules/content/"
	xmlns:wfw="http://wellformedweb.org/CommentAPI/"
	xmlns:dc="http://purl.org/dc/elements/1.1/"
	xmlns:atom="http://www.w3.org/2005/Atom"
	xmlns:sy="http://purl.org/rss/1.0/modules/syndication/"
	xmlns:slash="http://purl.org/rss/1.0/modules/slash/"
	>

<channel>
	<title>15 &#8211; Views Update</title>
	<atom:link href="/tag/15/feed/" rel="self" type="application/rss+xml" />
	<link></link>
	<description></description>
	<lastBuildDate>Tue, 03 Sep 2024 05:21:00 +0000</lastBuildDate>
	<language>en-US</language>
	<sy:updatePeriod>
	hourly	</sy:updatePeriod>
	<sy:updateFrequency>
	1	</sy:updateFrequency>
	<generator>https://wordpress.org/?v=6.6.2</generator>
	<item>
		<title>15 Epic Anime Characters By Genre That Will Ignite Your Passions In 2024</title>
		<link>/15-epic-anime-characters-by-genre-that-will-ignite-your-passions-in-2024/</link>
		
		<dc:creator><![CDATA[Admin]]></dc:creator>
		<pubDate>Tue, 03 Sep 2024 05:21:00 +0000</pubDate>
				<category><![CDATA[Anime]]></category>
		<category><![CDATA[15]]></category>
		<category><![CDATA[2024]]></category>
		<category><![CDATA[anime]]></category>
		<category><![CDATA[characters]]></category>
		<category><![CDATA[epic]]></category>
		<category><![CDATA[genre]]></category>
		<category><![CDATA[ignite]]></category>
		<category><![CDATA[passions]]></category>
		<category><![CDATA[that]]></category>
		<category><![CDATA[your]]></category>
		<guid isPermaLink="false">/15-epic-anime-characters-by-genre-that-will-ignite-your-passions-in-2024/</guid>

					<description><![CDATA[Related of 15 Epic Anime Characters by Genre That Will Ignite Your Passions in 2024...]]></description>
										<content:encoded><![CDATA[<h2 id="related-of-15-epic-anime-characters-by-genre-that-will-ignite-your-passions-in-2024">Related of 15 Epic Anime Characters by Genre That Will Ignite Your Passions in 2024</h2>
<ul>
<li><a href="/top-10-mind-blowing-anime-scenes-of-2024-that-left-us-speechless/">Top 10 Mind-Blowing Anime Scenes Of 2024 That Left Us Speechless</a></li>
<li><a href="/sensational-anime-takeover-top-10-shows-to-dominate-2024/">Sensational Anime Takeover: Top 10 Shows To Dominate 2024</a></li>
<li><a href="/the-5-anime-phenoms-taking-over-2024-must-watch-shows-that-will-blow-your-mind/">The 5 Anime Phenoms Taking Over 2024: Must-Watch Shows That Will Blow Your Mind</a></li>
<li><a href="/electric-explosion-top-5-breakout-anime-of-2024-that-will-leave-you-breathless/">&quot;Electric Explosion: Top 5 Breakout Anime Of 2024 That Will Leave You Breathless&quot;</a></li>
<li><a href="/unstoppable-2024-8-most-fearless-anime-heroes-saving-the-day/">Unstoppable 2024: 8 Most Fearless Anime Heroes Saving The Day</a></li>
</ul>
<div id="toc">
<h2>Table of Content</h2>
<ul>
<li><a href="#related-of-15-epic-anime-characters-by-genre-that-will-ignite-your-passions-in-2024">1 Related of 15 Epic Anime Characters by Genre That Will Ignite Your Passions in 2024</a></li>
<li><a href="#related-video-about-15-epic-anime-characters-by-genre-that-will-ignite-your-passions-in-2024">2 Related Video About 15 Epic Anime Characters by Genre That Will Ignite Your Passions in 2024</a></li>
</ul>
</div>
<h2 id="related-video-about-15-epic-anime-characters-by-genre-that-will-ignite-your-passions-in-2024">Related Video About 15 Epic Anime Characters by Genre That Will Ignite Your Passions in 2024</h2>
<p><center></center></p>
<p><strong>15 Epic Anime Characters by Genre That Will Ignite Your Passions in 2024</strong></p>
<p><img decoding="async" class="aligncenter" src="https://anirecs.com/wp-content/uploads/2011/08/anime_genre3.jpg" alt="15 Epic Anime Characters by Genre That Will Ignite Your Passions in 2024" width="600" /></p>
<p>Anime has been a staple of modern entertainment for decades, captivating audiences worldwide with its diverse range of genres, intriguing storylines, and unforgettable characters. From action-packed adventures to heartwarming romances, anime has something for everyone. In this article, we&#8217;ll explore the best anime characters by genre, highlighting their unique personalities, skills, and the impact they&#8217;ve had on their respective series.</p>
<p><strong>Action/Adventure: Lelouch vi Britannia (Code Geass)</strong></p>
]]></content:encoded>
					
		
		
			</item>
		<item>
		<title>The 15 Most Epic Anime Characters Shaping The Industry In 2024: Unleashing Unmatched Power</title>
		<link>/the-15-most-epic-anime-characters-shaping-the-industry-in-2024-unleashing-unmatched-power/</link>
		
		<dc:creator><![CDATA[Admin]]></dc:creator>
		<pubDate>Wed, 26 Jun 2024 18:28:00 +0000</pubDate>
				<category><![CDATA[Anime]]></category>
		<category><![CDATA[15]]></category>
		<category><![CDATA[2024]]></category>
		<category><![CDATA[anime]]></category>
		<category><![CDATA[characters]]></category>
		<category><![CDATA[epic]]></category>
		<category><![CDATA[industry]]></category>
		<category><![CDATA[most]]></category>
		<category><![CDATA[power]]></category>
		<category><![CDATA[shaping]]></category>
		<category><![CDATA[unleashing]]></category>
		<category><![CDATA[unmatched]]></category>
		<guid isPermaLink="false">/the-15-most-epic-anime-characters-shaping-the-industry-in-2024-unleashing-unmatched-power/</guid>

					<description><![CDATA[Related of The 15 Most Epic Anime Characters Shaping the Industry in 2024: Unleashing Unmatched...]]></description>
										<content:encoded><![CDATA[<h2 id="related-of-the-15-most-epic-anime-characters-shaping-the-industry-in-2024:-unleashing-unmatched-power">Related of The 15 Most Epic Anime Characters Shaping the Industry in 2024: Unleashing Unmatched Power</h2>
<ul>
<li><a href="/10-mind-blowing-anime-of-2024-you-wont-regret-watching/">10 Mind-Blowing Anime Of 2024 You Won&#8217;t Regret Watching</a></li>
<li><a href="/2024s-most-electrifying-anime-top-10-shows-that-are-taking-the-world-by-storm-right-now/">2024&#8217;s Most Electrifying Anime: Top 10 Shows That Are Taking The World By Storm Right Now</a></li>
<li><a href="/revolutionizing-the-world-of-anime-top-10-game-changers-of-early-2024/">&quot;Revolutionizing The World Of Anime: Top 10 Game-Changers Of Early 2024&quot;</a></li>
<li><a href="/heartfelt-anime-moments-of-2024-20-scenes-that-touched-our-souls/">Heartfelt Anime Moments Of 2024: 20 Scenes That Touched Our Souls</a></li>
<li><a href="/heartbreaking-moments-top-7-emotional-anime-scenes-of-2024/">Heartbreaking Moments: Top 7 Emotional Anime Scenes Of 2024</a></li>
</ul>
<div id="toc">
<h2>Table of Content</h2>
<ul>
<li><a href="#related-of-the-15-most-epic-anime-characters-shaping-the-industry-in-2024:-unleashing-unmatched-power">1 Related of The 15 Most Epic Anime Characters Shaping the Industry in 2024: Unleashing Unmatched Power</a></li>
<li><a href="#related-video-about-the-15-most-epic-anime-characters-shaping-the-industry-in-2024:-unleashing-unmatched-power">2 Related Video About The 15 Most Epic Anime Characters Shaping the Industry in 2024: Unleashing Unmatched Power</a></li>
</ul>
</div>
<h2 id="related-video-about-the-15-most-epic-anime-characters-shaping-the-industry-in-2024:-unleashing-unmatched-power">Related Video About The 15 Most Epic Anime Characters Shaping the Industry in 2024: Unleashing Unmatched Power</h2>
<p><center></center></p>
<p>The 15 Most Epic Anime Characters Shaping the Industry in 2024: Unleashing Unmatched Power</p>
<p><img decoding="async" class="aligncenter" src="https://noodls.com/wp-content/uploads/2024/01/unleashing-the-power-naoya-zenins-unmatched-strength-in-jujutsu-kaisen-1706078148.jpg" alt="The 15 Most Epic Anime Characters Shaping the Industry in 2024: Unleashing Unmatched Power" width="600" /></p>
<p>The world of anime has always been known for its vibrant characters, captivating storylines, and of course, awe-inspiring superpowers. As we dive into the new year, the question on every anime fan&#8217;s mind remains: who are the most powerful anime characters in 2024. In this article, we&#8217;ll be exploring the top 15 most epic anime characters, and what sets them apart from the rest.</p>
<p>When it comes to anime, I&#8217;ve always been drawn to the shows with the most epic powers. I still remember my first encounter with Dragon Ball Z – Goku&#8217;s initial Kamehameha left me speechless, and I knew I was in for a wild ride. As I grew older, my appreciation for anime only deepened, and I found myself pondering the possibilities of these extraordinary abilities. Who among them stands the strongest? Can any human compete with the gods of anime?</p>
]]></content:encoded>
					
		
		
			</item>
	</channel>
</rss>
