<?xml version="1.0" encoding="UTF-8"?><rss version="2.0"
	xmlns:content="http://purl.org/rss/1.0/modules/content/"
	xmlns:wfw="http://wellformedweb.org/CommentAPI/"
	xmlns:dc="http://purl.org/dc/elements/1.1/"
	xmlns:atom="http://www.w3.org/2005/Atom"
	xmlns:sy="http://purl.org/rss/1.0/modules/syndication/"
	xmlns:slash="http://purl.org/rss/1.0/modules/slash/"
	>

<channel>
	<title>2024 &#8211; Views Update</title>
	<atom:link href="/tag/2024/feed/" rel="self" type="application/rss+xml" />
	<link></link>
	<description></description>
	<lastBuildDate>Thu, 19 Sep 2024 03:50:00 +0000</lastBuildDate>
	<language>en-US</language>
	<sy:updatePeriod>
	hourly	</sy:updatePeriod>
	<sy:updateFrequency>
	1	</sy:updateFrequency>
	<generator>https://wordpress.org/?v=6.6.2</generator>
	<item>
		<title>The Ultimate Showdown: 10 Anime Characters That Will Dominate 2024</title>
		<link>/the-ultimate-showdown-10-anime-characters-that-will-dominate-2024/</link>
		
		<dc:creator><![CDATA[Admin]]></dc:creator>
		<pubDate>Thu, 19 Sep 2024 03:50:00 +0000</pubDate>
				<category><![CDATA[Anime]]></category>
		<category><![CDATA[10]]></category>
		<category><![CDATA[2024]]></category>
		<category><![CDATA[anime]]></category>
		<category><![CDATA[characters]]></category>
		<category><![CDATA[dominate]]></category>
		<category><![CDATA[showdown]]></category>
		<category><![CDATA[that]]></category>
		<category><![CDATA[ultimate]]></category>
		<guid isPermaLink="false">/the-ultimate-showdown-10-anime-characters-that-will-dominate-2024/</guid>

					<description><![CDATA[Related of The Ultimate Showdown: 10 Anime Characters That Will Dominate 2024 2024&#8217;s Uplifting Icons:...]]></description>
										<content:encoded><![CDATA[<h2 id="related-of-the-ultimate-showdown:-10-anime-characters-that-will-dominate-2024">Related of The Ultimate Showdown: 10 Anime Characters That Will Dominate 2024</h2>
<ul>
<li><a href="/2024s-uplifting-icons-top-10-anime-characters-to-fuel-your-inner-strength/">2024&#8217;s Uplifting Icons: Top 10 Anime Characters To Fuel Your Inner Strength</a></li>
<li><a href="/10-mind-blowing-anime-of-2024-you-wont-regret-watching/">10 Mind-Blowing Anime Of 2024 You Won&#8217;t Regret Watching</a></li>
<li><a href="/electric-2024-anime-lineup-7-most-thrilling-shows-to-watch/">Electric 2024 Anime Lineup: 7 Most Thrilling Shows To Watch</a></li>
<li><a href="/heartfelt-anime-moments-of-2024-20-scenes-that-touched-our-souls/">Heartfelt Anime Moments Of 2024: 20 Scenes That Touched Our Souls</a></li>
<li><a href="/6-heart-wrenching-anime-moments-of-2024-that-left-us-breathless/">&quot;6 Heart-Wrenching Anime Moments Of 2024 That Left Us Breathless&quot;</a></li>
</ul>
<div id="toc">
<h2>Table of Content</h2>
<ul>
<li><a href="#related-of-the-ultimate-showdown:-10-anime-characters-that-will-dominate-2024">1 Related of The Ultimate Showdown: 10 Anime Characters That Will Dominate 2024</a></li>
<li><a href="#related-video-about-the-ultimate-showdown:-10-anime-characters-that-will-dominate-2024">2 Related Video About The Ultimate Showdown: 10 Anime Characters That Will Dominate 2024</a></li>
</ul>
</div>
<h2 id="related-video-about-the-ultimate-showdown:-10-anime-characters-that-will-dominate-2024">Related Video About The Ultimate Showdown: 10 Anime Characters That Will Dominate 2024</h2>
<p><center></center></p>
<p>The Ultimate Showdown: 10 Anime Characters That Will Dominate 2024</p>
<p><img decoding="async" class="aligncenter" src="https://metatierlist.com/wp-content/uploads/2023/12/anime-showdown-tier-list-1024x479.jpg" alt="The Ultimate Showdown: 10 Anime Characters That Will Dominate 2024" width="600" /></p>
<p>Anime has always been a world of endless imagination, vibrant colors, and unforgettable characters. As we dive into the realm of 2024, the landscape of anime fandom is teeming with fresh faces and returning legends, all vying for the top spot in the hearts of fans worldwide. As an anime enthusiast who&#8217;s spent countless hours binge-watching shows and scouring the depths of online forums, I&#8217;m excited to share my take on the top 10 most popular anime characters that will be dominating 2024. From heroes to villains, and from rookies to veterans, these powerhouses are sure to make an impact that will leave a lasting impression on the anime community.</p>
<ol start="10">
]]></content:encoded>
					
		
		
			</item>
		<item>
		<title>Electrifying 2024: Top 10 Most Anticipated Anime Series Revealed</title>
		<link>/electrifying-2024-top-10-most-anticipated-anime-series-revealed/</link>
		
		<dc:creator><![CDATA[Admin]]></dc:creator>
		<pubDate>Wed, 18 Sep 2024 16:56:00 +0000</pubDate>
				<category><![CDATA[Anime]]></category>
		<category><![CDATA[10]]></category>
		<category><![CDATA[2024]]></category>
		<category><![CDATA[anime]]></category>
		<category><![CDATA[anticipated]]></category>
		<category><![CDATA[electrifying]]></category>
		<category><![CDATA[most]]></category>
		<category><![CDATA[revealed]]></category>
		<category><![CDATA[series]]></category>
		<category><![CDATA[top]]></category>
		<guid isPermaLink="false">/electrifying-2024-top-10-most-anticipated-anime-series-revealed/</guid>

					<description><![CDATA[Related of Electrifying 2024: Top 10 Most Anticipated Anime Series Revealed 2024&#8217;s Anime Revolution: Unveiling...]]></description>
										<content:encoded><![CDATA[<h2 id="related-of-electrifying-2024:-top-10-most-anticipated-anime-series-revealed">Related of Electrifying 2024: Top 10 Most Anticipated Anime Series Revealed</h2>
<ul>
<li><a href="/2024s-anime-revolution-unveiling-the-top-10-highest-rated-shows-so-far/">2024&#8217;s Anime Revolution: Unveiling The Top 10 Highest Rated Shows So Far</a></li>
<li><a href="/incredible-anime-icons-top-10-best-anime-characters-of-2024-that-will-leave-you-wanting-more/">Incredible Anime Icons: Top 10 Best Anime Characters Of 2024 That Will Leave You Wanting More</a></li>
<li><a href="/6-powerful-anime-characters-youll-relate-to-in-2024/">6 Powerful Anime Characters You&#8217;ll Relate To In 2024</a></li>
<li><a href="/electrifying-the-big-screen-top-7-anime-blockbusters-dominating-2024/">Electrifying The Big Screen: Top 7 Anime Blockbusters Dominating 2024</a></li>
<li><a href="/mind-blowing-anime-revival-top-10-must-watch-adaptations-in-2024/">Mind-Blowing Anime Revival: Top 10 Must-Watch Adaptations In 2024</a></li>
</ul>
<div id="toc">
<h2>Table of Content</h2>
<ul>
<li><a href="#related-of-electrifying-2024:-top-10-most-anticipated-anime-series-revealed">1 Related of Electrifying 2024: Top 10 Most Anticipated Anime Series Revealed</a></li>
<li><a href="#related-video-about-electrifying-2024:-top-10-most-anticipated-anime-series-revealed">2 Related Video About Electrifying 2024: Top 10 Most Anticipated Anime Series Revealed</a></li>
</ul>
</div>
<h2 id="related-video-about-electrifying-2024:-top-10-most-anticipated-anime-series-revealed">Related Video About Electrifying 2024: Top 10 Most Anticipated Anime Series Revealed</h2>
<p><center></center></p>
<p><strong>Electrifying 2024: Top 10 Most Anticipated Anime Series Revealed</strong></p>
<p><img decoding="async" class="aligncenter" src="https://editors.dexerto.com/wp-content/uploads/2023/12/14/highly-anticipated-anime-2024-1.jpg" alt="Electrifying 2024: Top 10 Most Anticipated Anime Series Revealed" width="600" /></p>
<p>As the new year rolls in, anime enthusiasts around the world are abuzz with excitement. The year 2024 promises to be an electrifying one for anime fans, with a slew of highly anticipated series set to premiere. From action-packed adventures to heartwarming dramas, this year&#8217;s lineup has something for everyone.</p>
<p>As an anime aficionado myself, I&#8217;m thrilled to share my top 10 picks for the most anticipated anime series of 2024. These shows have already generated significant buzz in the anime community, and I&#8217;m confident they&#8217;ll live up to the hype.</p>
]]></content:encoded>
					
		
		
			</item>
		<item>
		<title>Sensational Anime Takeover: Top 10 Shows To Dominate 2024</title>
		<link>/sensational-anime-takeover-top-10-shows-to-dominate-2024/</link>
		
		<dc:creator><![CDATA[Admin]]></dc:creator>
		<pubDate>Wed, 18 Sep 2024 12:55:00 +0000</pubDate>
				<category><![CDATA[Anime]]></category>
		<category><![CDATA[10]]></category>
		<category><![CDATA[2024]]></category>
		<category><![CDATA[anime]]></category>
		<category><![CDATA[dominate]]></category>
		<category><![CDATA[sensational]]></category>
		<category><![CDATA[shows]]></category>
		<category><![CDATA[takeover]]></category>
		<category><![CDATA[to]]></category>
		<category><![CDATA[top]]></category>
		<guid isPermaLink="false">/sensational-anime-takeover-top-10-shows-to-dominate-2024/</guid>

					<description><![CDATA[Related of Sensational Anime Takeover: Top 10 Shows to Dominate 2024 EPIC: Top 10 Most...]]></description>
										<content:encoded><![CDATA[<h2 id="related-of-sensational-anime-takeover:-top-10-shows-to-dominate-2024">Related of Sensational Anime Takeover: Top 10 Shows to Dominate 2024</h2>
<ul>
<li><a href="/epic-top-10-most-popular-anime-of-2024-you-cant-miss/">EPIC: Top 10 Most Popular Anime Of 2024 You Can&#8217;t Miss</a></li>
<li><a href="/mind-blowing-masterpiece-2024s-anime-of-the-year-echoes-of-eternity-leaves-fans-in-awe/">&quot;Mind-Blowing Masterpiece: 2024&#8217;s Anime Of The Year &#8211; &#8216;Echoes Of Eternity&#8217; Leaves Fans In Awe&quot;</a></li>
<li><a href="/trending-anime-in-2024-5-unstoppable-shows-that-will-dominate-your-watchlist/">Trending Anime In 2024: 5 Unstoppable Shows That Will Dominate Your Watchlist</a></li>
<li><a href="/10-phenomenal-anime-shows-to-obsess-over-in-2024/">10 Phenomenal Anime Shows To Obsess Over In 2024</a></li>
<li><a href="/2024s-most-electrifying-anime-top-10-shows-that-are-taking-the-world-by-storm-right-now/">2024&#8217;s Most Electrifying Anime: Top 10 Shows That Are Taking The World By Storm Right Now</a></li>
</ul>
<div id="toc">
<h2>Table of Content</h2>
<ul>
<li><a href="#related-of-sensational-anime-takeover:-top-10-shows-to-dominate-2024">1 Related of Sensational Anime Takeover: Top 10 Shows to Dominate 2024</a></li>
<li><a href="#related-video-about-sensational-anime-takeover:-top-10-shows-to-dominate-2024">2 Related Video About Sensational Anime Takeover: Top 10 Shows to Dominate 2024</a></li>
</ul>
</div>
<h2 id="related-video-about-sensational-anime-takeover:-top-10-shows-to-dominate-2024">Related Video About Sensational Anime Takeover: Top 10 Shows to Dominate 2024</h2>
<p><center><iframe name="view" width="560" height="315" src="https://www.youtube.com/embed/mVSTBJmGxeQ" frameborder="0" allowfullscreen></iframe></center></p>
<p>Sensational Anime Takeover: Top 10 Shows to Dominate 2024</p>
<p><img decoding="async" class="aligncenter" src="https://therecenttimes.com/wp-content/uploads/2021/02/top-10-1024x576.jpg" alt="Sensational Anime Takeover: Top 10 Shows to Dominate 2024" width="600" /></p>
<p>As we dive into 2024, the world of anime is buzzing with excitement. New shows are emerging, and old favorites are returning with a bang. As an anime enthusiast, I&#8217;m thrilled to share with you my expert analysis of the most anticipated anime of the year. From action-packed adventures to heartwarming romances, we&#8217;ve got the scoop on the top 10 anime shows that are set to dominate 2024.</p>
<p><strong>10. Chainsaw Man: The Darker Side of Heroism</strong></p>
]]></content:encoded>
					
		
		
			</item>
		<item>
		<title>&#034;10 Electrifying Anime Soundtracks Of 2024 That Will Blow Your Mind&#034;</title>
		<link>/10-electrifying-anime-soundtracks-of-2024-that-will-blow-your-mind/</link>
		
		<dc:creator><![CDATA[Admin]]></dc:creator>
		<pubDate>Wed, 18 Sep 2024 09:55:00 +0000</pubDate>
				<category><![CDATA[Anime]]></category>
		<category><![CDATA[2024]]></category>
		<category><![CDATA[anime]]></category>
		<category><![CDATA[blow]]></category>
		<category><![CDATA[electrifying]]></category>
		<category><![CDATA[mindquot]]></category>
		<category><![CDATA[quot10]]></category>
		<category><![CDATA[soundtracks]]></category>
		<category><![CDATA[that]]></category>
		<category><![CDATA[your]]></category>
		<guid isPermaLink="false">/10-electrifying-anime-soundtracks-of-2024-that-will-blow-your-mind/</guid>

					<description><![CDATA[Related of &#34;10 Electrifying Anime Soundtracks of 2024 That Will Blow Your Mind&#34; Electrifying 2024:...]]></description>
										<content:encoded><![CDATA[<h2 id="related-of-&quot;10-electrifying-anime-soundtracks-of-2024-that-will-blow-your-mind&quot;">Related of &quot;10 Electrifying Anime Soundtracks of 2024 That Will Blow Your Mind&quot;</h2>
<ul>
<li><a href="/electrifying-2024-top-8-must-see-new-anime-releases-to-obsess-over/">Electrifying 2024: Top 8 Must-See New Anime Releases To Obsess Over</a></li>
<li><a href="/epic-love-stories-top-10-anime-couples-of-2024-that-stole-our-hearts/">Epic Love Stories: Top 10 Anime Couples Of 2024 That Stole Our Hearts</a></li>
<li><a href="/epic-showdown-2024s-top-10-adventure-anime-you-wont-want-to-miss/">EPIC Showdown: 2024&#8217;s Top 10 Adventure Anime You Won&#8217;t Want To Miss</a></li>
<li><a href="/top-20-anime-breakthroughs-of-2024-a-jaw-dropping-chart-breakdown/">&quot;Top 20 Anime Breakthroughs Of 2024: A Jaw-Dropping Chart Breakdown&quot;</a></li>
<li><a href="/electrifying-2024-5-breakout-anime-that-are-rewiring-the-game/">&quot;Electrifying 2024: 5 Breakout Anime That Are Rewiring The Game&quot;</a></li>
</ul>
<div id="toc">
<h2>Table of Content</h2>
<ul>
<li><a href="#related-of-&quot;10-electrifying-anime-soundtracks-of-2024-that-will-blow-your-mind&quot;">1 Related of &quot;10 Electrifying Anime Soundtracks of 2024 That Will Blow Your Mind&quot;</a></li>
<li><a href="#related-video-about-&quot;10-electrifying-anime-soundtracks-of-2024-that-will-blow-your-mind&quot;">2 Related Video About &quot;10 Electrifying Anime Soundtracks of 2024 That Will Blow Your Mind&quot;</a></li>
</ul>
</div>
<h2 id="related-video-about-&quot;10-electrifying-anime-soundtracks-of-2024-that-will-blow-your-mind&quot;">Related Video About &quot;10 Electrifying Anime Soundtracks of 2024 That Will Blow Your Mind&quot;</h2>
<p><center></center></p>
<p>&quot;10 Electrifying Anime Soundtracks of 2024 That Will Blow Your Mind&quot;</p>
<p><img decoding="async" class="aligncenter" src="" alt="&quot;10 Electrifying Anime Soundtracks of 2024 That Will Blow Your Mind&quot;" width="600" /></p>
<p>As we dive into the new year, anime lovers are eagerly anticipating the next big soundtrack that&#8217;ll get their hearts racing and spirits soaring. With every new season comes a fresh batch of electrifying anime soundtracks that perfectly capture the essence of our favorite shows. From action-packed battle themes to heart-wrenching ballads, 2024 is shaping up to be an incredible year for anime music. In this article, we&#8217;ll be counting down the top charting anime soundtracks of 2024 that will leave you breathless.</p>
<p><strong>10. Mushoku Tensei: Jobless Reincarnation</strong></p>
]]></content:encoded>
					
		
		
			</item>
		<item>
		<title>Heartfelt Anime Moments Of 2024: 20 Scenes That Touched Our Souls</title>
		<link>/heartfelt-anime-moments-of-2024-20-scenes-that-touched-our-souls/</link>
		
		<dc:creator><![CDATA[Admin]]></dc:creator>
		<pubDate>Wed, 18 Sep 2024 04:09:00 +0000</pubDate>
				<category><![CDATA[Anime]]></category>
		<category><![CDATA[20]]></category>
		<category><![CDATA[2024]]></category>
		<category><![CDATA[anime]]></category>
		<category><![CDATA[heartfelt]]></category>
		<category><![CDATA[moments]]></category>
		<category><![CDATA[our]]></category>
		<category><![CDATA[scenes]]></category>
		<category><![CDATA[souls]]></category>
		<category><![CDATA[that]]></category>
		<category><![CDATA[touched]]></category>
		<guid isPermaLink="false">/heartfelt-anime-moments-of-2024-20-scenes-that-touched-our-souls/</guid>

					<description><![CDATA[Related of Heartfelt Anime Moments of 2024: 20 Scenes That Touched Our Souls Electric 2024...]]></description>
										<content:encoded><![CDATA[<h2 id="related-of-heartfelt-anime-moments-of-2024:-20-scenes-that-touched-our-souls">Related of Heartfelt Anime Moments of 2024: 20 Scenes That Touched Our Souls</h2>
<ul>
<li><a href="/electric-2024-anime-lineup-7-most-thrilling-shows-to-watch/">Electric 2024 Anime Lineup: 7 Most Thrilling Shows To Watch</a></li>
<li><a href="/the-best-new-anime-in-2024-5-explosive-series-you-cant-miss/">The Best New Anime In 2024: 5 Explosive Series You Can&#8217;t Miss</a></li>
<li><a href="/the-5-anime-phenoms-taking-over-2024-must-watch-shows-that-will-blow-your-mind/">The 5 Anime Phenoms Taking Over 2024: Must-Watch Shows That Will Blow Your Mind</a></li>
<li><a href="/electrifying-2024-5-breakout-anime-that-are-rewiring-the-game/">&quot;Electrifying 2024: 5 Breakout Anime That Are Rewiring The Game&quot;</a></li>
<li><a href="/10-life-changing-anime-masterpieces-to-obsess-over-in-2024/">10 Life-Changing Anime Masterpieces To Obsess Over In 2024</a></li>
</ul>
<div id="toc">
<h2>Table of Content</h2>
<ul>
<li><a href="#related-of-heartfelt-anime-moments-of-2024:-20-scenes-that-touched-our-souls">1 Related of Heartfelt Anime Moments of 2024: 20 Scenes That Touched Our Souls</a></li>
<li><a href="#related-video-about-heartfelt-anime-moments-of-2024:-20-scenes-that-touched-our-souls">2 Related Video About Heartfelt Anime Moments of 2024: 20 Scenes That Touched Our Souls</a></li>
</ul>
</div>
<h2 id="related-video-about-heartfelt-anime-moments-of-2024:-20-scenes-that-touched-our-souls">Related Video About Heartfelt Anime Moments of 2024: 20 Scenes That Touched Our Souls</h2>
<p><center></center></p>
<p>Heartfelt Anime Moments of 2024: 20 Scenes That Touched Our Souls</p>
<p><img decoding="async" class="aligncenter" src="https://animecorner.me/wp-content/uploads/2021/09/TYE-1-6.png" alt="Heartfelt Anime Moments of 2024: 20 Scenes That Touched Our Souls" width="600" /></p>
<p>As we navigate the vast and wondrous world of anime, there are moments that leave us breathless, tearful, and ultimately, transformed. These moments are the essence of what makes anime so beloved – they touch our hearts, challenge our perspectives, and remind us of our shared humanity. As we reflect on the anime moments that have left an indelible mark on our souls in 2024, we&#8217;re reminded that even in the most unexpected moments, we can find profound connections and timeless wisdom.</p>
<p>For anime enthusiasts, there&#8217;s no denying that 2024 has been a remarkable year, with a plethora of stunning series and films that have captivated audiences worldwide. From the poignant coming-of-age stories to the epic battles between good and evil, each series has offered something unique and unforgettable. As we delve into the 20 most heartfelt anime moments of 2024, we&#8217;ll embark on a journey of self-discovery, love, loss, and the triumph of the human spirit.</p>
]]></content:encoded>
					
		
		
			</item>
		<item>
		<title>5 Heart-Shattering Betrayal Scenes In 2024 Anime That Left Us Speechless</title>
		<link>/5-heart-shattering-betrayal-scenes-in-2024-anime-that-left-us-speechless/</link>
		
		<dc:creator><![CDATA[Admin]]></dc:creator>
		<pubDate>Wed, 18 Sep 2024 03:58:00 +0000</pubDate>
				<category><![CDATA[Anime]]></category>
		<category><![CDATA[2024]]></category>
		<category><![CDATA[anime]]></category>
		<category><![CDATA[betrayal]]></category>
		<category><![CDATA[heartshattering]]></category>
		<category><![CDATA[left]]></category>
		<category><![CDATA[scenes]]></category>
		<category><![CDATA[speechless]]></category>
		<category><![CDATA[that]]></category>
		<category><![CDATA[us]]></category>
		<guid isPermaLink="false">/5-heart-shattering-betrayal-scenes-in-2024-anime-that-left-us-speechless/</guid>

					<description><![CDATA[Related of 5 Heart-Shattering Betrayal Scenes in 2024 Anime That Left Us Speechless Electric 2024...]]></description>
										<content:encoded><![CDATA[<h2 id="related-of-5-heart-shattering-betrayal-scenes-in-2024-anime-that-left-us-speechless">Related of 5 Heart-Shattering Betrayal Scenes in 2024 Anime That Left Us Speechless</h2>
<ul>
<li><a href="/electric-2024-anime-lineup-7-most-thrilling-shows-to-watch/">Electric 2024 Anime Lineup: 7 Most Thrilling Shows To Watch</a></li>
<li><a href="/blazing-10-anime-shows-that-are-taking-over-2024/">&quot;Blazing 10 Anime Shows That Are Taking Over 2024&quot;</a></li>
<li><a href="/incredible-anime-icons-top-10-best-anime-characters-of-2024-that-will-leave-you-wanting-more/">Incredible Anime Icons: Top 10 Best Anime Characters Of 2024 That Will Leave You Wanting More</a></li>
<li><a href="/10-obsessive-anime-shows-of-2024-that-will-consume-your-life/">10 Obsessive Anime Shows Of 2024 That Will Consume Your Life</a></li>
<li><a href="/top-10-epic-fights-in-2024-anime-mind-blowing-showdowns-that-left-us-speechless/">&quot;Top 10 Epic Fights In 2024 Anime &#8211; Mind-Blowing Showdowns That Left Us Speechless&quot;</a></li>
</ul>
<div id="toc">
<h2>Table of Content</h2>
<ul>
<li><a href="#related-of-5-heart-shattering-betrayal-scenes-in-2024-anime-that-left-us-speechless">1 Related of 5 Heart-Shattering Betrayal Scenes in 2024 Anime That Left Us Speechless</a></li>
<li><a href="#related-video-about-5-heart-shattering-betrayal-scenes-in-2024-anime-that-left-us-speechless">2 Related Video About 5 Heart-Shattering Betrayal Scenes in 2024 Anime That Left Us Speechless</a></li>
</ul>
</div>
<h2 id="related-video-about-5-heart-shattering-betrayal-scenes-in-2024-anime-that-left-us-speechless">Related Video About 5 Heart-Shattering Betrayal Scenes in 2024 Anime That Left Us Speechless</h2>
<p><center></center></p>
<p>5 Heart-Shattering Betrayal Scenes in 2024 Anime That Left Us Speechless</p>
<p><img decoding="async" class="aligncenter" src="https://beebom.com/wp-content/uploads/2023/05/best-heartbreaking-sad-anime.jpg" alt="5 Heart-Shattering Betrayal Scenes in 2024 Anime That Left Us Speechless" width="600" /></p>
<p>If you&#8217;re an anime fan, you&#8217;re no stranger to emotional rollercoasters. One of the most impactful moments in any series is the betrayal scene – when a character&#8217;s actions shatter trust, leaving viewers stunned and eager to see what happens next. In this article, we&#8217;ll count down the top 5 most shocking betrayal scenes in 2024 anime that left us speechless.</p>
<p><strong>5. Tokyo Revengers &#8211; A Flashback to Heartbreak</strong></p>
]]></content:encoded>
					
		
		
			</item>
		<item>
		<title>Epic Top 10 Mecha Anime Of 2024 That Will Blow Your Mind</title>
		<link>/epic-top-10-mecha-anime-of-2024-that-will-blow-your-mind/</link>
		
		<dc:creator><![CDATA[Admin]]></dc:creator>
		<pubDate>Wed, 18 Sep 2024 02:05:00 +0000</pubDate>
				<category><![CDATA[Anime]]></category>
		<category><![CDATA[10]]></category>
		<category><![CDATA[2024]]></category>
		<category><![CDATA[anime]]></category>
		<category><![CDATA[blow]]></category>
		<category><![CDATA[epic]]></category>
		<category><![CDATA[mecha]]></category>
		<category><![CDATA[mind]]></category>
		<category><![CDATA[that]]></category>
		<category><![CDATA[top]]></category>
		<category><![CDATA[your]]></category>
		<guid isPermaLink="false">/epic-top-10-mecha-anime-of-2024-that-will-blow-your-mind/</guid>

					<description><![CDATA[Related of Epic Top 10 Mecha Anime of 2024 That Will Blow Your Mind Heartfelt...]]></description>
										<content:encoded><![CDATA[<h2 id="related-of-epic-top-10-mecha-anime-of-2024-that-will-blow-your-mind">Related of Epic Top 10 Mecha Anime of 2024 That Will Blow Your Mind</h2>
<ul>
<li><a href="/heartfelt-anime-moments-of-2024-20-scenes-that-touched-our-souls/">Heartfelt Anime Moments Of 2024: 20 Scenes That Touched Our Souls</a></li>
<li><a href="/the-elite-10-unstoppable-anime-characters-dominating-2024/">The Elite 10: Unstoppable Anime Characters Dominating 2024</a></li>
<li><a href="/2024s-top-10-hidden-gems-youve-overlooked-in-the-anime-world/">2024&#8217;s Top 10 Hidden Gems You&#8217;ve Overlooked In The Anime World</a></li>
<li><a href="/mind-blowing-anime-moments-of-2024-top-10-scenes-that-left-us-speechless/">Mind-Blowing Anime Moments Of 2024: Top 10 Scenes That Left Us Speechless</a></li>
<li><a href="/the-sensational-5-anime-dominating-the-2024-charts-right-now/">The  Sensational 5 Anime Dominating The 2024 Charts Right Now</a></li>
</ul>
<div id="toc">
<h2>Table of Content</h2>
<ul>
<li><a href="#related-of-epic-top-10-mecha-anime-of-2024-that-will-blow-your-mind">1 Related of Epic Top 10 Mecha Anime of 2024 That Will Blow Your Mind</a></li>
<li><a href="#related-video-about-epic-top-10-mecha-anime-of-2024-that-will-blow-your-mind">2 Related Video About Epic Top 10 Mecha Anime of 2024 That Will Blow Your Mind</a></li>
</ul>
</div>
<h2 id="related-video-about-epic-top-10-mecha-anime-of-2024-that-will-blow-your-mind">Related Video About Epic Top 10 Mecha Anime of 2024 That Will Blow Your Mind</h2>
<p><center></center></p>
<p>Epic Top 10 Mecha Anime of 2024 That Will Blow Your Mind</p>
<p><img decoding="async" class="aligncenter" src="" alt="Epic Top 10 Mecha Anime of 2024 That Will Blow Your Mind" width="600" /></p>
<p>Hey there, mecha fans. If you&#8217;re anything like me, you&#8217;re always on the lookout for the next epic anime to devour. And what&#8217;s more epic than a good mecha anime? From the adrenaline-fueled action sequences to the emotional character development, mecha anime has a way of captivating us like no other genre can. So, without further ado, here&#8217;s my list of the top 10 mecha anime of 2024 that will blow your mind.</p>
<ol>
]]></content:encoded>
					
		
		
			</item>
		<item>
		<title>Most Electrifying Anime Of 2024: The Top 10 Charting Shows That Will Ignite Your Passion</title>
		<link>/most-electrifying-anime-of-2024-the-top-10-charting-shows-that-will-ignite-your-passion/</link>
		
		<dc:creator><![CDATA[Admin]]></dc:creator>
		<pubDate>Tue, 17 Sep 2024 21:59:00 +0000</pubDate>
				<category><![CDATA[Anime]]></category>
		<category><![CDATA[10]]></category>
		<category><![CDATA[2024]]></category>
		<category><![CDATA[anime]]></category>
		<category><![CDATA[charting]]></category>
		<category><![CDATA[electrifying]]></category>
		<category><![CDATA[ignite]]></category>
		<category><![CDATA[most]]></category>
		<category><![CDATA[passion]]></category>
		<category><![CDATA[shows]]></category>
		<category><![CDATA[that]]></category>
		<category><![CDATA[top]]></category>
		<category><![CDATA[your]]></category>
		<guid isPermaLink="false">/most-electrifying-anime-of-2024-the-top-10-charting-shows-that-will-ignite-your-passion/</guid>

					<description><![CDATA[Related of Most Electrifying Anime of 2024: The Top 10 Charting Shows That Will Ignite...]]></description>
										<content:encoded><![CDATA[<h2 id="related-of-most-electrifying-anime-of-2024:-the-top-10-charting-shows-that-will-ignite-your-passion">Related of Most Electrifying Anime of 2024: The Top 10 Charting Shows That Will Ignite Your Passion</h2>
<ul>
<li><a href="/2024s-anime-revolution-5-shows-thatll-dominate-the-scene/">2024&#8217;s Anime Revolution: 5 Shows That&#8217;ll Dominate The Scene</a></li>
<li><a href="/the-10-most-heart-shattering-anime-moments-that-will-leave-you-breathless-in-2024/">The 10 Most Heart-Shattering Anime Moments That Will Leave You Breathless In 2024</a></li>
<li><a href="/top-10-mind-blowing-anime-scenes-of-2024-that-left-us-speechless/">Top 10 Mind-Blowing Anime Scenes Of 2024 That Left Us Speechless</a></li>
<li><a href="/most-electrifying-anime-scenes-of-2024-so-far-10-moments-that-left-us-breathless/">Most Electrifying Anime Scenes Of 2024 So Far: 10 Moments That Left Us Breathless</a></li>
<li><a href="/2024s-most-electrifying-anime-top-7-series-fueling-the-fandom-frenzy/">2024&#8217;s Most Electrifying Anime: Top 7 Series Fueling The Fandom Frenzy</a></li>
</ul>
<div id="toc">
<h2>Table of Content</h2>
<ul>
<li><a href="#related-of-most-electrifying-anime-of-2024:-the-top-10-charting-shows-that-will-ignite-your-passion">1 Related of Most Electrifying Anime of 2024: The Top 10 Charting Shows That Will Ignite Your Passion</a></li>
<li><a href="#related-video-about-most-electrifying-anime-of-2024:-the-top-10-charting-shows-that-will-ignite-your-passion">2 Related Video About Most Electrifying Anime of 2024: The Top 10 Charting Shows That Will Ignite Your Passion</a></li>
</ul>
</div>
<h2 id="related-video-about-most-electrifying-anime-of-2024:-the-top-10-charting-shows-that-will-ignite-your-passion">Related Video About Most Electrifying Anime of 2024: The Top 10 Charting Shows That Will Ignite Your Passion</h2>
<p><center><iframe name="view" width="560" height="315" src="https://www.youtube.com/embed/rvtNPCDhu24" frameborder="0" allowfullscreen></iframe></center></p>
<p>Most Electrifying Anime of 2024: The Top 10 Charting Shows That Will Ignite Your Passion</p>
<p><img decoding="async" class="aligncenter" src="https://preview.redd.it/top-10-anime-of-the-week-fall-2022-anime-corner-v0-v4ejcg5vnbz91.png?auto=webpu0026s=84c632c003d3b9638d71caa651b38942d7d10391" alt="Most Electrifying Anime of 2024: The Top 10 Charting Shows That Will Ignite Your Passion" width="600" /></p>
<p>As an anime enthusiast, I&#8217;m always on the lookout for the next big hit. And let me tell you, this year has already delivered some truly remarkable shows. From action-packed adventures to heartwarming rom-coms, 2024 has been a phenomenal year for anime. In this article, I&#8217;ll be counting down the top 10 most watched anime of 2024, and sharing my thoughts on what makes them so electrifying.</p>
<p>But before we dive in, I want to share a personal anecdote. I&#8217;ve been an anime fan for as long as I can remember, and I&#8217;ve seen my fair share of shows come and go. But there&#8217;s something about the current crop of anime that has me hooked. Maybe it&#8217;s the engaging characters, the stunning animation, or the thought-provoking storylines. Whatever it is, I&#8217;m hooked, and I&#8217;m excited to share my top picks with you.</p>
]]></content:encoded>
					
		
		
			</item>
		<item>
		<title>Top 7 Sequels Of 2024 That Electrified The Anime Scene</title>
		<link>/top-7-sequels-of-2024-that-electrified-the-anime-scene/</link>
		
		<dc:creator><![CDATA[Admin]]></dc:creator>
		<pubDate>Mon, 16 Sep 2024 22:56:00 +0000</pubDate>
				<category><![CDATA[Anime]]></category>
		<category><![CDATA[2024]]></category>
		<category><![CDATA[anime]]></category>
		<category><![CDATA[electrified]]></category>
		<category><![CDATA[scene]]></category>
		<category><![CDATA[sequels]]></category>
		<category><![CDATA[that]]></category>
		<category><![CDATA[top]]></category>
		<guid isPermaLink="false">/top-7-sequels-of-2024-that-electrified-the-anime-scene/</guid>

					<description><![CDATA[Related of Top 7 Sequels of 2024 That Electrified the Anime Scene Exploding: Top 5...]]></description>
										<content:encoded><![CDATA[<h2 id="related-of-top-7-sequels-of-2024-that-electrified-the-anime-scene">Related of Top 7 Sequels of 2024 That Electrified the Anime Scene</h2>
<ul>
<li><a href="/exploding-top-5-anime-shows-dominating-the-charts-in-2024-with-a-record-breaking-10-million-views/">Exploding: Top 5 Anime Shows Dominating The Charts In 2024 With A Record-Breaking 10 Million Views</a></li>
<li><a href="/explosive-2024-10-anime-shows-taking-the-world-by-storm-this-year/">&quot;Explosive 2024: 10 Anime Shows Taking The World By Storm This Year&quot;</a></li>
<li><a href="/2024s-unstoppable-10-anime-characters-that-will-capture-your-heart/">2024&#8217;s Unstoppable 10 Anime Characters That Will Capture Your Heart</a></li>
<li><a href="/top-10-most-electrifying-anime-characters-of-2024-the-ultimate-character-showcase/">Top 10 Most Electrifying Anime Characters Of 2024: The Ultimate Character Showcase</a></li>
<li><a href="/2024s-anime-revival-7-series-that-returned-to-glory/">2024&#8217;s Anime Revival: 7 Series That Returned To Glory</a></li>
</ul>
<div id="toc">
<h2>Table of Content</h2>
<ul>
<li><a href="#related-of-top-7-sequels-of-2024-that-electrified-the-anime-scene">1 Related of Top 7 Sequels of 2024 That Electrified the Anime Scene</a></li>
<li><a href="#related-video-about-top-7-sequels-of-2024-that-electrified-the-anime-scene">2 Related Video About Top 7 Sequels of 2024 That Electrified the Anime Scene</a></li>
</ul>
</div>
<h2 id="related-video-about-top-7-sequels-of-2024-that-electrified-the-anime-scene">Related Video About Top 7 Sequels of 2024 That Electrified the Anime Scene</h2>
<p><center></center></p>
<p>Top 7 Sequels of 2024 That Electrified the Anime Scene</p>
<p><img decoding="async" class="aligncenter" src="https://editors.dexerto.com/wp-content/uploads/2023/11/08/upcoming-anime-sequels-2024.jpg" alt="Top 7 Sequels of 2024 That Electrified the Anime Scene" width="600" /></p>
<p>As we approach the midpoint of 2024, anime fans around the world are buzzing with excitement. This year has already seen some incredible new series, but what about the sequels that have made a lasting impact? As a self-proclaimed anime enthusiast, I&#8217;ve got the scoop on the top 7 sequels of 2024 that have left me electrified and craving more.</p>
<p>First up, we have the long-awaited &quot;Attack on Titan: The Final Season Part 3&quot;. As a fan of the series since its inception, I was a bit skeptical about the pacing of the final season. However, the latest installment has exceeded all my expectations. The animation is stunning, the storyline is intense, and the music is hauntingly beautiful. If you&#8217;re a fan of action-packed anime with deep storytelling, this is a must-watch.</p>
]]></content:encoded>
					
		
		
			</item>
		<item>
		<title>10 Anime Powerhouses That Dominate The Screens In 2024 With Unrelenting Consistency</title>
		<link>/10-anime-powerhouses-that-dominate-the-screens-in-2024-with-unrelenting-consistency/</link>
		
		<dc:creator><![CDATA[Admin]]></dc:creator>
		<pubDate>Mon, 16 Sep 2024 09:51:00 +0000</pubDate>
				<category><![CDATA[Anime]]></category>
		<category><![CDATA[10]]></category>
		<category><![CDATA[2024]]></category>
		<category><![CDATA[anime]]></category>
		<category><![CDATA[consistency]]></category>
		<category><![CDATA[dominate]]></category>
		<category><![CDATA[powerhouses]]></category>
		<category><![CDATA[screens]]></category>
		<category><![CDATA[that]]></category>
		<category><![CDATA[unrelenting]]></category>
		<guid isPermaLink="false">/10-anime-powerhouses-that-dominate-the-screens-in-2024-with-unrelenting-consistency/</guid>

					<description><![CDATA[Related of 10 Anime Powerhouses That Dominate the Screens in 2024 with Unrelenting Consistency 5...]]></description>
										<content:encoded><![CDATA[<h2 id="related-of-10-anime-powerhouses-that-dominate-the-screens-in-2024-with-unrelenting-consistency">Related of 10 Anime Powerhouses That Dominate the Screens in 2024 with Unrelenting Consistency</h2>
<ul>
<li><a href="/5-must-watch-anime-series-of-2024-that-will-blow-your-mind/">5 Must-Watch Anime Series Of 2024 That Will Blow Your Mind</a></li>
<li><a href="/electrifying-anime-of-2024-top-10-chart-toppers-you-need-to-binge-watch-right-now/">Electrifying Anime Of 2024: Top 10 Chart Toppers You Need To Binge-Watch Right Now</a></li>
<li><a href="/unleash-the-magic-7-breathtaking-anime-of-2024-you-cant-afford-to-miss/">Unleash The Magic: 7 Breathtaking Anime Of 2024 You Can&#8217;t Afford To Miss</a></li>
<li><a href="/the-elite-10-unstoppable-anime-characters-dominating-2024/">The Elite 10: Unstoppable Anime Characters Dominating 2024</a></li>
<li><a href="/epic-anime-duos-of-2024-the-unstoppable-top-10/">EPIC Anime Duos Of 2024: The Unstoppable Top 10</a></li>
</ul>
<div id="toc">
<h2>Table of Content</h2>
<ul>
<li><a href="#related-of-10-anime-powerhouses-that-dominate-the-screens-in-2024-with-unrelenting-consistency">1 Related of 10 Anime Powerhouses That Dominate the Screens in 2024 with Unrelenting Consistency</a></li>
<li><a href="#related-video-about-10-anime-powerhouses-that-dominate-the-screens-in-2024-with-unrelenting-consistency">2 Related Video About 10 Anime Powerhouses That Dominate the Screens in 2024 with Unrelenting Consistency</a></li>
</ul>
</div>
<h2 id="related-video-about-10-anime-powerhouses-that-dominate-the-screens-in-2024-with-unrelenting-consistency">Related Video About 10 Anime Powerhouses That Dominate the Screens in 2024 with Unrelenting Consistency</h2>
<p><center></center></p>
<p>10 Anime Powerhouses That Dominate the Screens in 2024 with Unrelenting Consistency</p>
<p><img decoding="async" class="aligncenter" src="https://cdn.cloudtek.vn/images/2023/07/16/hocmarketing-org-og-25889-unleashing-unprecedented-power-the-ultimate-10-anime-powerhouses.jpg" alt="10 Anime Powerhouses That Dominate the Screens in 2024 with Unrelenting Consistency" width="600" /></p>
<p>As an anime enthusiast, I&#8217;ve always been drawn to shows that can consistently deliver high-quality storytelling, well-developed characters, and captivating plot twists. With the vast array of anime series available today, it can be challenging to find those that truly stand out from the rest. However, after careful consideration and reflection on my own viewing experiences, I&#8217;ve compiled a list of the top 10 most consistent anime in 2024 that are sure to captivate audiences with their unrelenting consistency.</p>
<ol>
]]></content:encoded>
					
		
		
			</item>
	</channel>
</rss>
