<?xml version="1.0" encoding="UTF-8"?><rss version="2.0"
	xmlns:content="http://purl.org/rss/1.0/modules/content/"
	xmlns:wfw="http://wellformedweb.org/CommentAPI/"
	xmlns:dc="http://purl.org/dc/elements/1.1/"
	xmlns:atom="http://www.w3.org/2005/Atom"
	xmlns:sy="http://purl.org/rss/1.0/modules/syndication/"
	xmlns:slash="http://purl.org/rss/1.0/modules/slash/"
	>

<channel>
	<title>50 &#8211; Views Update</title>
	<atom:link href="/tag/50/feed/" rel="self" type="application/rss+xml" />
	<link></link>
	<description></description>
	<lastBuildDate>Thu, 15 Aug 2024 04:03:00 +0000</lastBuildDate>
	<language>en-US</language>
	<sy:updatePeriod>
	hourly	</sy:updatePeriod>
	<sy:updateFrequency>
	1	</sy:updateFrequency>
	<generator>https://wordpress.org/?v=6.6.2</generator>
	<item>
		<title>Electrifying 50: 2024 Anime That Are Heating Up The Summer</title>
		<link>/electrifying-50-2024-anime-that-are-heating-up-the-summer/</link>
		
		<dc:creator><![CDATA[Admin]]></dc:creator>
		<pubDate>Thu, 15 Aug 2024 04:03:00 +0000</pubDate>
				<category><![CDATA[Anime]]></category>
		<category><![CDATA[2024]]></category>
		<category><![CDATA[50]]></category>
		<category><![CDATA[anime]]></category>
		<category><![CDATA[electrifying]]></category>
		<category><![CDATA[heating]]></category>
		<category><![CDATA[summer]]></category>
		<category><![CDATA[that]]></category>
		<category><![CDATA[up]]></category>
		<guid isPermaLink="false">/electrifying-50-2024-anime-that-are-heating-up-the-summer/</guid>

					<description><![CDATA[Related of Electrifying 50: 2024 Anime That Are Heating Up the Summer Top 10 Uplifting...]]></description>
										<content:encoded><![CDATA[<h2 id="related-of-electrifying-50:-2024-anime-that-are-heating-up-the-summer">Related of Electrifying 50: 2024 Anime That Are Heating Up the Summer</h2>
<ul>
<li><a href="/top-10-uplifting-anime-masterpieces-of-2024-that-will-revolutionize-your-mindset/">Top 10 Uplifting Anime Masterpieces Of 2024 That Will Revolutionize Your Mindset</a></li>
<li><a href="/revolutionizing-2024-the-top-5-anime-that-defined-pop-culture-this-year/">&quot;Revolutionizing 2024: The Top 5 Anime That Defined Pop Culture This Year&quot;</a></li>
<li><a href="/epic-top-10-mecha-anime-of-2024-that-will-blow-your-mind/">Epic Top 10 Mecha Anime Of 2024 That Will Blow Your Mind</a></li>
<li><a href="/2024s-unstoppable-10-anime-characters-that-will-capture-your-heart/">2024&#8217;s Unstoppable 10 Anime Characters That Will Capture Your Heart</a></li>
<li><a href="/electrifying-anime-collaborations-of-2024-10-unforgettable-team-ups/">Electrifying Anime Collaborations Of 2024: 10 Unforgettable Team-Ups</a></li>
</ul>
<div id="toc">
<h2>Table of Content</h2>
<ul>
<li><a href="#related-of-electrifying-50:-2024-anime-that-are-heating-up-the-summer">1 Related of Electrifying 50: 2024 Anime That Are Heating Up the Summer</a></li>
<li><a href="#related-video-about-electrifying-50:-2024-anime-that-are-heating-up-the-summer">2 Related Video About Electrifying 50: 2024 Anime That Are Heating Up the Summer</a></li>
</ul>
</div>
<h2 id="related-video-about-electrifying-50:-2024-anime-that-are-heating-up-the-summer">Related Video About Electrifying 50: 2024 Anime That Are Heating Up the Summer</h2>
<p><center></center></p>
<p><strong>Electrifying 50: 2024 Anime That Are Heating Up the Summer</strong></p>
<p><img decoding="async" class="aligncenter" src="https://jw-webmagazine.com/wp-content/uploads/2019/12/AnimeJapan-2023.jpeg" alt="Electrifying 50: 2024 Anime That Are Heating Up the Summer" width="600" /></p>
<p>As the sun beats down on our skin, the anime world is buzzing with excitement, offering us a refreshing escape from the sweltering heat. With the emergence of cutting-edge animation, captivating storylines, and intriguing characters, 2024 anime is taking the world by storm. Based on viewer ratings, I&#8217;ve curated a list of the top anime that are generating the most buzz this summer. Grab some popcorn, sit back, and dive into the electrifying world of 2024 anime.</p>
<p><strong>1. Hell&#8217;s Paradise (Season 1) &#8211; 8.9/10</strong></p>
]]></content:encoded>
					
		
		
			</item>
	</channel>
</rss>
