<?xml version="1.0" encoding="UTF-8"?><rss version="2.0"
	xmlns:content="http://purl.org/rss/1.0/modules/content/"
	xmlns:wfw="http://wellformedweb.org/CommentAPI/"
	xmlns:dc="http://purl.org/dc/elements/1.1/"
	xmlns:atom="http://www.w3.org/2005/Atom"
	xmlns:sy="http://purl.org/rss/1.0/modules/syndication/"
	xmlns:slash="http://purl.org/rss/1.0/modules/slash/"
	>

<channel>
	<title>action &#8211; Views Update</title>
	<atom:link href="/tag/action/feed/" rel="self" type="application/rss+xml" />
	<link></link>
	<description></description>
	<lastBuildDate>Tue, 06 Aug 2024 22:50:00 +0000</lastBuildDate>
	<language>en-US</language>
	<sy:updatePeriod>
	hourly	</sy:updatePeriod>
	<sy:updateFrequency>
	1	</sy:updateFrequency>
	<generator>https://wordpress.org/?v=6.6.2</generator>
	<item>
		<title>&#034;10 Electrifying Anime Battle Scenes In 2024: Extreme Action Unleashed&#034;</title>
		<link>/10-electrifying-anime-battle-scenes-in-2024-extreme-action-unleashed/</link>
		
		<dc:creator><![CDATA[Admin]]></dc:creator>
		<pubDate>Tue, 06 Aug 2024 22:50:00 +0000</pubDate>
				<category><![CDATA[Anime]]></category>
		<category><![CDATA[2024]]></category>
		<category><![CDATA[action]]></category>
		<category><![CDATA[anime]]></category>
		<category><![CDATA[battle]]></category>
		<category><![CDATA[electrifying]]></category>
		<category><![CDATA[extreme]]></category>
		<category><![CDATA[quot10]]></category>
		<category><![CDATA[scenes]]></category>
		<category><![CDATA[unleashedquot]]></category>
		<guid isPermaLink="false">/10-electrifying-anime-battle-scenes-in-2024-extreme-action-unleashed/</guid>

					<description><![CDATA[Related of &#34;10 Electrifying Anime Battle Scenes in 2024: Extreme Action Unleashed&#34; Unsung Champions: 7...]]></description>
										<content:encoded><![CDATA[<h2 id="related-of-&quot;10-electrifying-anime-battle-scenes-in-2024:-extreme-action-unleashed&quot;">Related of &quot;10 Electrifying Anime Battle Scenes in 2024: Extreme Action Unleashed&quot;</h2>
<ul>
<li><a href="/unsung-champions-7-underrated-anime-heroes-you-need-to-know/">Unsung Champions: 7 Underrated Anime Heroes You Need To Know</a></li>
<li><a href="/10-electrifying-anime-sidekicks-who-stole-the-scene-in-2024/">10 Electrifying Anime Sidekicks Who Stole The Scene In 2024</a></li>
<li><a href="/electric-2024-10-anime-shows-that-will-recharge-longtime-fans/">Electric 2024: 10 Anime Shows That Will Recharge Longtime Fans</a></li>
<li><a href="/epic-fail-10-dark-fantasy-anime-to-die-for-in-2024/">Epic Fail: 10 Dark Fantasy Anime To Die For In 2024</a></li>
<li><a href="/electrifying-anime-openings-and-endings-of-2024-top-10-picks-you-need-to-watch/">Electrifying Anime Openings And Endings Of 2024 Top 10 Picks You Need To Watch</a></li>
</ul>
<div id="toc">
<h2>Table of Content</h2>
<ul>
<li><a href="#related-of-&quot;10-electrifying-anime-battle-scenes-in-2024:-extreme-action-unleashed&quot;">1 Related of &quot;10 Electrifying Anime Battle Scenes in 2024: Extreme Action Unleashed&quot;</a></li>
<li><a href="#related-video-about-&quot;10-electrifying-anime-battle-scenes-in-2024:-extreme-action-unleashed&quot;">2 Related Video About &quot;10 Electrifying Anime Battle Scenes in 2024: Extreme Action Unleashed&quot;</a></li>
</ul>
</div>
<h2 id="related-video-about-&quot;10-electrifying-anime-battle-scenes-in-2024:-extreme-action-unleashed&quot;">Related Video About &quot;10 Electrifying Anime Battle Scenes in 2024: Extreme Action Unleashed&quot;</h2>
<p><center></center></p>
<p><strong>&quot;10 Electrifying Anime Battle Scenes in 2024: Extreme Action Unleashed&quot;</strong></p>
<p><img decoding="async" class="aligncenter" src="" alt="&quot;10 Electrifying Anime Battle Scenes in 2024: Extreme Action Unleashed&quot;" width="600" /></p>
<p>Are you ready to experience the most epic battles in 2024 anime? From magical clashes to martial arts showdowns, this year&#8217;s anime series have brought us some of the most heart-pumping, action-packed fight scenes that will leave you breathless. As an anime enthusiast, I&#8217;m excited to share my top picks for the best group battle scenes that showcase the perfect blend of strategy, skill, and explosive action.</p>
<p><strong>1. Attack on Titan (Season 4) &#8211; The Marley Arc</strong></p>
]]></content:encoded>
					
		
		
			</item>
		<item>
		<title>10 Electrifying Action Scenes In 2024 Anime That Left Us Breathless And Begging For More</title>
		<link>/10-electrifying-action-scenes-in-2024-anime-that-left-us-breathless-and-begging-for-more/</link>
		
		<dc:creator><![CDATA[Admin]]></dc:creator>
		<pubDate>Sun, 30 Jun 2024 02:09:00 +0000</pubDate>
				<category><![CDATA[Anime]]></category>
		<category><![CDATA[10]]></category>
		<category><![CDATA[2024]]></category>
		<category><![CDATA[action]]></category>
		<category><![CDATA[anime]]></category>
		<category><![CDATA[begging]]></category>
		<category><![CDATA[breathless]]></category>
		<category><![CDATA[electrifying]]></category>
		<category><![CDATA[left]]></category>
		<category><![CDATA[more]]></category>
		<category><![CDATA[scenes]]></category>
		<category><![CDATA[that]]></category>
		<category><![CDATA[us]]></category>
		<guid isPermaLink="false">/10-electrifying-action-scenes-in-2024-anime-that-left-us-breathless-and-begging-for-more/</guid>

					<description><![CDATA[Related of 10 Electrifying Action Scenes in 2024 Anime That Left Us Breathless and Begging...]]></description>
										<content:encoded><![CDATA[<h2 id="related-of-10-electrifying-action-scenes-in-2024-anime-that-left-us-breathless-and-begging-for-more-">Related of 10 Electrifying Action Scenes in 2024 Anime That Left Us Breathless and Begging for More </h2>
<ul>
<li><a href="/10-electrifying-anime-shows-to-obsess-over-in-2024/">10 Electrifying Anime Shows To Obsess Over In 2024</a></li>
<li><a href="/10-life-changing-anime-masterpieces-to-obsess-over-in-2024/">10 Life-Changing Anime Masterpieces To Obsess Over In 2024</a></li>
<li><a href="/mind-blowing-anime-moments-of-2024-top-10-scenes-that-left-us-speechless/">Mind-Blowing Anime Moments Of 2024: Top 10 Scenes That Left Us Speechless</a></li>
<li><a href="/sensational-anime-of-2024-7-reasons-why-ouroboros-is-leaving-everyone-speechless/">&quot;Sensational Anime Of 2024: 7 Reasons Why &#8216;Ouroboros&#8217; Is Leaving Everyone Speechless</a></li>
<li><a href="/electrifying-2024-top-8-must-see-new-anime-releases-to-obsess-over/">Electrifying 2024: Top 8 Must-See New Anime Releases To Obsess Over</a></li>
</ul>
<div id="toc">
<h2>Table of Content</h2>
<ul>
<li><a href="#related-of-10-electrifying-action-scenes-in-2024-anime-that-left-us-breathless-and-begging-for-more-">1 Related of 10 Electrifying Action Scenes in 2024 Anime That Left Us Breathless and Begging for More </a></li>
<li><a href="#related-video-about-10-electrifying-action-scenes-in-2024-anime-that-left-us-breathless-and-begging-for-more-">2 Related Video About 10 Electrifying Action Scenes in 2024 Anime That Left Us Breathless and Begging for More </a></li>
</ul>
</div>
<h2 id="related-video-about-10-electrifying-action-scenes-in-2024-anime-that-left-us-breathless-and-begging-for-more-">Related Video About 10 Electrifying Action Scenes in 2024 Anime That Left Us Breathless and Begging for More </h2>
<p><center><iframe name="view" width="560" height="315" src="https://www.youtube.com/embed/znuveTxABT4" frameborder="0" allowfullscreen></iframe></center></p>
<p>10 Electrifying Action Scenes in 2024 Anime That Left Us Breathless and Begging for More </p>
<p><img decoding="async" class="aligncenter" src="https://ik.imagekit.io/1rbgez32no/hocmarketing-org/08/15/og-38911-unleashing-the-force-ahsokas-electrifying-action-scenes-will-leave-you-begging-for-more-lightsaber-fights?tr=w-600,h-400" alt="10 Electrifying Action Scenes in 2024 Anime That Left Us Breathless and Begging for More " width="600" /></p>
<p>The world of anime never ceases to amaze us, with its mesmerizing visuals, captivating storylines, and of course, adrenaline-fueled action scenes that leave us at the edge of our seats. As we dive into the realm of 2024 anime, we&#8217;re excited to share our top picks for the most intense action scenes that will undoubtedly leave you electrified. From epic battles to heart-pumping chases, we&#8217;ve got the scoop on the most thrilling moments that will keep you glued to your screens.</p>
<p>First up, let&#8217;s talk about the anime series that has taken the world by storm – &quot;Hell&#8217;s Paradise: Jigokuraku.&quot; This dark fantasy series is set in the Edo period and follows the story of two ninja, Gabimaru and Sagiri, as they navigate through the treacherous underworld. The action scenes in this series are pure perfection, with beautifully crafted choreography and stunning animation. One scene that stands out in particular is the epic battle between Gabimaru and the powerful yurei, Yamada Asaemon. The two engage in a fierce duel, with Gabimaru using his incredible ninja skills to take down the vengeful spirit.</p>
]]></content:encoded>
					
		
		
			</item>
		<item>
		<title>Epic Showdowns: 2024&#8217;s Top 5 Most Electrifying Characters In Action Anime</title>
		<link>/epic-showdowns-2024s-top-5-most-electrifying-characters-in-action-anime/</link>
		
		<dc:creator><![CDATA[Admin]]></dc:creator>
		<pubDate>Wed, 12 Jun 2024 20:28:00 +0000</pubDate>
				<category><![CDATA[Anime]]></category>
		<category><![CDATA[2024s]]></category>
		<category><![CDATA[action]]></category>
		<category><![CDATA[anime]]></category>
		<category><![CDATA[characters]]></category>
		<category><![CDATA[electrifying]]></category>
		<category><![CDATA[epic]]></category>
		<category><![CDATA[most]]></category>
		<category><![CDATA[showdowns]]></category>
		<category><![CDATA[top]]></category>
		<guid isPermaLink="false">/epic-showdowns-2024s-top-5-most-electrifying-characters-in-action-anime/</guid>

					<description><![CDATA[Related of Epic Showdowns: 2024&#8217;s Top 5 Most Electrifying Characters in Action Anime &#34;Mind-Blowing Anime...]]></description>
										<content:encoded><![CDATA[<h2 id="related-of-epic-showdowns:-2024's-top-5-most-electrifying-characters-in-action-anime">Related of Epic Showdowns: 2024&#8217;s Top 5 Most Electrifying Characters in Action Anime</h2>
<ul>
<li><a href="/mind-blowing-anime-revolution-5-shows-that-are-dominating-2024/">&quot;Mind-Blowing Anime Revolution: 5 Shows That Are Dominating 2024&quot;</a></li>
<li><a href="/top-20-anime-breakthroughs-of-2024-a-jaw-dropping-chart-breakdown/">&quot;Top 20 Anime Breakthroughs Of 2024: A Jaw-Dropping Chart Breakdown&quot;</a></li>
<li><a href="/2024s-unstoppable-10-anime-characters-that-will-capture-your-heart/">2024&#8217;s Unstoppable 10 Anime Characters That Will Capture Your Heart</a></li>
<li><a href="/dominating-the-top-10-unstoppable-anime-series-of-2024/">Dominating The Top 10: Unstoppable Anime Series Of 2024</a></li>
<li><a href="/10-electrifying-action-scenes-in-2024-anime-that-left-us-breathless-and-begging-for-more/">10 Electrifying Action Scenes In 2024 Anime That Left Us Breathless And Begging For More</a></li>
</ul>
<div id="toc">
<h2>Table of Content</h2>
<ul>
<li><a href="#related-of-epic-showdowns:-2024's-top-5-most-electrifying-characters-in-action-anime">1 Related of Epic Showdowns: 2024&#8217;s Top 5 Most Electrifying Characters in Action Anime</a></li>
<li><a href="#related-video-about-epic-showdowns:-2024's-top-5-most-electrifying-characters-in-action-anime">2 Related Video About Epic Showdowns: 2024&#8217;s Top 5 Most Electrifying Characters in Action Anime</a></li>
</ul>
</div>
<h2 id="related-video-about-epic-showdowns:-2024's-top-5-most-electrifying-characters-in-action-anime">Related Video About Epic Showdowns: 2024&#8217;s Top 5 Most Electrifying Characters in Action Anime</h2>
<p><center></center></p>
<p>Epic Showdowns: 2024&#8217;s Top 5 Most Electrifying Characters in Action Anime</p>
<p><img decoding="async" class="aligncenter" src="https://static.fandomspot.com/images/09/20060/20-hajime-nagumo-arifureta-from-commonplace-to-worlds-strongest-anime.jpg" alt="Epic Showdowns: 2024's Top 5 Most Electrifying Characters in Action Anime" width="600" /></p>
<p>Action anime has a way of igniting our passion and fueling our excitement like no other genre can. The explosive action sequences, the heart-stopping suspense, and the unforgettable characters all come together to create an experience that&#8217;s nothing short of electrifying. As we dive into the world of action anime in 2024, we&#8217;re witnessing the rise of some truly epic characters who are taking the genre to new heights. In this article, we&#8217;ll count down the top 5 most electrifying characters in action anime this year, and explore what makes them so incredibly compelling.</p>
<p>Coming in at number 5, we have Kazuma Yagami from the anime series Kaze no Stigma. This series is a personal favorite of mine, and Kazuma&#8217;s multifaceted personality is a big reason why. On the surface, Kazuma appears to be a hot-headed and impulsive young fire mage who often leaps before he looks. However, as the series progresses, we see a more vulnerable side of Kazuma, who&#8217;s struggling to balance his desire for independence with his need for human connection. This complexity makes Kazuma feel more relatable and human, and his growth throughout the series is truly inspiring.</p>
]]></content:encoded>
					
		
		
			</item>
	</channel>
</rss>
