<?xml version="1.0" encoding="UTF-8"?><rss version="2.0"
	xmlns:content="http://purl.org/rss/1.0/modules/content/"
	xmlns:wfw="http://wellformedweb.org/CommentAPI/"
	xmlns:dc="http://purl.org/dc/elements/1.1/"
	xmlns:atom="http://www.w3.org/2005/Atom"
	xmlns:sy="http://purl.org/rss/1.0/modules/syndication/"
	xmlns:slash="http://purl.org/rss/1.0/modules/slash/"
	>

<channel>
	<title>actors &#8211; Views Update</title>
	<atom:link href="/tag/actors/feed/" rel="self" type="application/rss+xml" />
	<link></link>
	<description></description>
	<lastBuildDate>Sun, 14 Jul 2024 14:18:00 +0000</lastBuildDate>
	<language>en-US</language>
	<sy:updatePeriod>
	hourly	</sy:updatePeriod>
	<sy:updateFrequency>
	1	</sy:updateFrequency>
	<generator>https://wordpress.org/?v=6.6.2</generator>
	<item>
		<title>Epic Dub Performances: 10 Anime Voice Actors Who Rocked 2024</title>
		<link>/epic-dub-performances-10-anime-voice-actors-who-rocked-2024/</link>
		
		<dc:creator><![CDATA[Admin]]></dc:creator>
		<pubDate>Sun, 14 Jul 2024 14:18:00 +0000</pubDate>
				<category><![CDATA[Anime]]></category>
		<category><![CDATA[10]]></category>
		<category><![CDATA[2024]]></category>
		<category><![CDATA[actors]]></category>
		<category><![CDATA[anime]]></category>
		<category><![CDATA[dub]]></category>
		<category><![CDATA[epic]]></category>
		<category><![CDATA[performances]]></category>
		<category><![CDATA[rocked]]></category>
		<category><![CDATA[voice]]></category>
		<category><![CDATA[who]]></category>
		<guid isPermaLink="false">/epic-dub-performances-10-anime-voice-actors-who-rocked-2024/</guid>

					<description><![CDATA[Related of Epic Dub Performances: 10 Anime Voice Actors Who Rocked 2024 Empowering Top 10...]]></description>
										<content:encoded><![CDATA[<h2 id="related-of-epic-dub-performances:-10-anime-voice-actors-who-rocked-2024">Related of Epic Dub Performances: 10 Anime Voice Actors Who Rocked 2024</h2>
<ul>
<li><a href="/empowering-top-10-anime-series-with-female-leads-in-2024-to-dominate-your-watchlist/">Empowering Top 10 Anime Series With Female Leads In 2024 To Dominate Your Watchlist</a></li>
<li><a href="/10-phenomenal-anime-shows-to-obsess-over-in-2024/">10 Phenomenal Anime Shows To Obsess Over In 2024</a></li>
<li><a href="/the-insane-anime-boom-for-2024-what-are-the-top-20-shows-to-watch/">The Insane Anime Boom For 2024: What Are The Top 20 Shows To Watch?</a></li>
<li><a href="/the-anime-that-took-over-streaming-platforms-in-2024/">The Anime That Took Over Streaming Platforms In 2024</a></li>
<li><a href="/electrifying-the-big-screen-top-7-anime-blockbusters-dominating-2024/">Electrifying The Big Screen: Top 7 Anime Blockbusters Dominating 2024</a></li>
</ul>
<div id="toc">
<h2>Table of Content</h2>
<ul>
<li><a href="#related-of-epic-dub-performances:-10-anime-voice-actors-who-rocked-2024">1 Related of Epic Dub Performances: 10 Anime Voice Actors Who Rocked 2024</a></li>
<li><a href="#related-video-about-epic-dub-performances:-10-anime-voice-actors-who-rocked-2024">2 Related Video About Epic Dub Performances: 10 Anime Voice Actors Who Rocked 2024</a></li>
</ul>
</div>
<h2 id="related-video-about-epic-dub-performances:-10-anime-voice-actors-who-rocked-2024">Related Video About Epic Dub Performances: 10 Anime Voice Actors Who Rocked 2024</h2>
<p><center></center></p>
<p>Epic Dub Performances: 10 Anime Voice Actors Who Rocked 2024</p>
<p><img decoding="async" class="aligncenter" src="https://static1.cbrimages.com/wordpress/wp-content/uploads/2023/04/untitled-design-290.jpg" alt="Epic Dub Performances: 10 Anime Voice Actors Who Rocked 2024" width="600" /></p>
<p>I still remember vividly the first time I watched an anime dubbed in English. I was a wide-eyed pre-teen who had just discovered the magical world of &quot;Dragon Ball Z.&quot; The over-the-top fight scenes, the intense dramatic pauses, and the epic voice acting – it was all so new and mesmerizing. As I grew older, my appreciation for the art of voice acting only deepened, and I began to recognize the incredible talent that brought our favorite anime characters to life.</p>
<p>This year has been an exciting time for anime fans, with a slew of new shows and movies being released, each with their own unique cast of characters. As I reflect on the dub performances that have truly stood out to me in 2024, I&#8217;m reminded of just how much of a difference great voice acting can make.</p>
]]></content:encoded>
					
		
		
			</item>
	</channel>
</rss>
