<?xml version="1.0" encoding="UTF-8"?><rss version="2.0"
	xmlns:content="http://purl.org/rss/1.0/modules/content/"
	xmlns:wfw="http://wellformedweb.org/CommentAPI/"
	xmlns:dc="http://purl.org/dc/elements/1.1/"
	xmlns:atom="http://www.w3.org/2005/Atom"
	xmlns:sy="http://purl.org/rss/1.0/modules/syndication/"
	xmlns:slash="http://purl.org/rss/1.0/modules/slash/"
	>

<channel>
	<title>25 &#8211; Views Update</title>
	<atom:link href="/tag/25/feed/" rel="self" type="application/rss+xml" />
	<link></link>
	<description></description>
	<lastBuildDate>Mon, 26 Aug 2024 10:14:00 +0000</lastBuildDate>
	<language>en-US</language>
	<sy:updatePeriod>
	hourly	</sy:updatePeriod>
	<sy:updateFrequency>
	1	</sy:updateFrequency>
	<generator>https://wordpress.org/?v=6.6.2</generator>
	<item>
		<title>Unforgettable Moments: 25 Most Electrifying Anime Scenes Of 2024</title>
		<link>/unforgettable-moments-25-most-electrifying-anime-scenes-of-2024/</link>
		
		<dc:creator><![CDATA[Admin]]></dc:creator>
		<pubDate>Mon, 26 Aug 2024 10:14:00 +0000</pubDate>
				<category><![CDATA[Anime]]></category>
		<category><![CDATA[2024]]></category>
		<category><![CDATA[25]]></category>
		<category><![CDATA[anime]]></category>
		<category><![CDATA[electrifying]]></category>
		<category><![CDATA[moments]]></category>
		<category><![CDATA[most]]></category>
		<category><![CDATA[scenes]]></category>
		<category><![CDATA[unforgettable]]></category>
		<guid isPermaLink="false">/unforgettable-moments-25-most-electrifying-anime-scenes-of-2024/</guid>

					<description><![CDATA[Related of Unforgettable Moments: 25 Most Electrifying Anime Scenes of 2024 &#34;2024&#8217;s Top 10 Anime...]]></description>
										<content:encoded><![CDATA[<h2 id="related-of-unforgettable-moments:-25-most-electrifying-anime-scenes-of-2024">Related of Unforgettable Moments: 25 Most Electrifying Anime Scenes of 2024</h2>
<ul>
<li><a href="/2024s-top-10-anime-shows-that-will-blow-your-mind/">&quot;2024&#8217;s Top 10 Anime Shows That Will Blow Your Mind&quot;</a></li>
<li><a href="/the-elite-10-unstoppable-anime-characters-dominating-2024/">The Elite 10: Unstoppable Anime Characters Dominating 2024</a></li>
<li><a href="/10-electrifying-action-scenes-in-2024-anime-that-left-us-breathless-and-begging-for-more/">10 Electrifying Action Scenes In 2024 Anime That Left Us Breathless And Begging For More</a></li>
<li><a href="/7-jaw-dropping-plot-twists-that-shook-2024-anime/">&quot;7 Jaw-Dropping Plot Twists That Shook 2024 Anime&quot;</a></li>
<li><a href="/2024s-top-10-unstoppable-anime-shows-fans-cant-get-enough-of/">2024&#8217;s Top 10 Unstoppable Anime Shows Fans Can&#8217;t Get Enough Of</a></li>
</ul>
<div id="toc">
<h2>Table of Content</h2>
<ul>
<li><a href="#related-of-unforgettable-moments:-25-most-electrifying-anime-scenes-of-2024">1 Related of Unforgettable Moments: 25 Most Electrifying Anime Scenes of 2024</a></li>
<li><a href="#related-video-about-unforgettable-moments:-25-most-electrifying-anime-scenes-of-2024">2 Related Video About Unforgettable Moments: 25 Most Electrifying Anime Scenes of 2024</a></li>
</ul>
</div>
<h2 id="related-video-about-unforgettable-moments:-25-most-electrifying-anime-scenes-of-2024">Related Video About Unforgettable Moments: 25 Most Electrifying Anime Scenes of 2024</h2>
<p><center></center></p>
<p>Unforgettable Moments: 25 Most Electrifying Anime Scenes of 2024</p>
<p><img decoding="async" class="aligncenter" src="" alt="Unforgettable Moments: 25 Most Electrifying Anime Scenes of 2024" width="600" /></p>
<p>As an anime enthusiast, I have always been fascinated by the way a single scene can capture the essence of an entire series. A well-crafted cinematic scene can evoke emotions, spark imagination, and leave a lasting impression on viewers. In this article, I&#8217;ll be counting down the most electrifying anime scenes of 2024, in no particular order, that will take your breath away.</p>
<ol>
]]></content:encoded>
					
		
		
			</item>
	</channel>
</rss>
