<?xml version="1.0" encoding="UTF-8"?><rss version="2.0"
	xmlns:content="http://purl.org/rss/1.0/modules/content/"
	xmlns:wfw="http://wellformedweb.org/CommentAPI/"
	xmlns:dc="http://purl.org/dc/elements/1.1/"
	xmlns:atom="http://www.w3.org/2005/Atom"
	xmlns:sy="http://purl.org/rss/1.0/modules/syndication/"
	xmlns:slash="http://purl.org/rss/1.0/modules/slash/"
	>

<channel>
	<title>2024s &#8211; Views Update</title>
	<atom:link href="/tag/2024s/feed/" rel="self" type="application/rss+xml" />
	<link></link>
	<description></description>
	<lastBuildDate>Wed, 18 Sep 2024 01:59:00 +0000</lastBuildDate>
	<language>en-US</language>
	<sy:updatePeriod>
	hourly	</sy:updatePeriod>
	<sy:updateFrequency>
	1	</sy:updateFrequency>
	<generator>https://wordpress.org/?v=6.6.2</generator>
	<item>
		<title>2024&#8217;s Record-shattering 3 Explosive Anime Series That Left Viewers Electrified</title>
		<link>/2024s-record-shattering-3-explosive-anime-series-that-left-viewers-electrified/</link>
		
		<dc:creator><![CDATA[Admin]]></dc:creator>
		<pubDate>Wed, 18 Sep 2024 01:59:00 +0000</pubDate>
				<category><![CDATA[Anime]]></category>
		<category><![CDATA[2024s]]></category>
		<category><![CDATA[anime]]></category>
		<category><![CDATA[electrified]]></category>
		<category><![CDATA[explosive]]></category>
		<category><![CDATA[left]]></category>
		<category><![CDATA[recordshattering]]></category>
		<category><![CDATA[series]]></category>
		<category><![CDATA[that]]></category>
		<category><![CDATA[viewers]]></category>
		<guid isPermaLink="false">/2024s-record-shattering-3-explosive-anime-series-that-left-viewers-electrified/</guid>

					<description><![CDATA[Related of 2024&#8217;s record-shattering 3 Explosive Anime Series that Left Viewers Electrified Top 10 Underrated...]]></description>
										<content:encoded><![CDATA[<h2 id="related-of-2024's-record-shattering-3-explosive-anime-series-that-left-viewers-electrified">Related of 2024&#8217;s record-shattering 3 Explosive Anime Series that Left Viewers Electrified</h2>
<ul>
<li><a href="/top-10-underrated-anime-of-2024-explosive-gems-waiting-to-be-discovered/">Top 10 Underrated Anime Of 2024: Explosive Gems Waiting To Be Discovered</a></li>
<li><a href="/heartstopping-2024-top-5-anime-moments-that-left-fans-breathless/">Heartstopping 2024: Top 5 Anime Moments That Left Fans Breathless</a></li>
<li><a href="/heartwarming-blasts-from-2024s-top-10-romantic-anime-moments/">Heartwarming Blasts From 2024&#8217;s Top 10 Romantic Anime Moments</a></li>
<li><a href="/6-powerful-anime-characters-youll-relate-to-in-2024/">6 Powerful Anime Characters You&#8217;ll Relate To In 2024</a></li>
<li><a href="/electronic-bliss-top-10-anime-chart-updates-for-2024/">Electronic Bliss: Top 10 Anime Chart Updates For 2024</a></li>
</ul>
<div id="toc">
<h2>Table of Content</h2>
<ul>
<li><a href="#related-of-2024's-record-shattering-3-explosive-anime-series-that-left-viewers-electrified">1 Related of 2024&#8217;s record-shattering 3 Explosive Anime Series that Left Viewers Electrified</a></li>
<li><a href="#related-video-about-2024's-record-shattering-3-explosive-anime-series-that-left-viewers-electrified">2 Related Video About 2024&#8217;s record-shattering 3 Explosive Anime Series that Left Viewers Electrified</a></li>
</ul>
</div>
<h2 id="related-video-about-2024's-record-shattering-3-explosive-anime-series-that-left-viewers-electrified">Related Video About 2024&#8217;s record-shattering 3 Explosive Anime Series that Left Viewers Electrified</h2>
<p><center></center></p>
<p>2024&#8217;s record-shattering 3 Explosive Anime Series that Left Viewers Electrified</p>
<p><img decoding="async" class="aligncenter" src="https://static0.gamerantimages.com/wordpress/wp-content/uploads/2023/03/konosuba-megumin-explosion-spin-off-series.jpg" alt="2024's record-shattering 3 Explosive Anime Series that Left Viewers Electrified" width="600" /></p>
<p>As the world of anime continues to captivate audiences worldwide, 2024 has proven to be a groundbreaking year for the industry. With a plethora of new series premiering, several have managed to shatter viewership records, leaving fans electrified and eagerly anticipating what&#8217;s next. As an avid anime enthusiast, I&#8217;ve had the pleasure of witnessing this phenomenon firsthand, and I&#8217;m excited to share with you three explosive anime series that have taken the world by storm.</p>
<p><strong>1. &quot;The Arcane Odyssey&quot; &#8211; A Thrilling Adventure that Redefined the Genre</strong></p>
]]></content:encoded>
					
		
		
			</item>
		<item>
		<title>Unleash The Fun: 2024&#8217;s 10 Best Anime For Younger Audiences</title>
		<link>/unleash-the-fun-2024s-10-best-anime-for-younger-audiences/</link>
		
		<dc:creator><![CDATA[Admin]]></dc:creator>
		<pubDate>Sun, 15 Sep 2024 01:09:00 +0000</pubDate>
				<category><![CDATA[Anime]]></category>
		<category><![CDATA[10]]></category>
		<category><![CDATA[2024s]]></category>
		<category><![CDATA[anime]]></category>
		<category><![CDATA[audiences]]></category>
		<category><![CDATA[best]]></category>
		<category><![CDATA[fun]]></category>
		<category><![CDATA[unleash]]></category>
		<category><![CDATA[younger]]></category>
		<guid isPermaLink="false">/unleash-the-fun-2024s-10-best-anime-for-younger-audiences/</guid>

					<description><![CDATA[Related of Unleash the Fun: 2024&#8217;s 10 Best Anime for Younger Audiences Revolutionary Anime That...]]></description>
										<content:encoded><![CDATA[<h2 id="related-of-unleash-the-fun:-2024's-10-best-anime-for-younger-audiences">Related of Unleash the Fun: 2024&#8217;s 10 Best Anime for Younger Audiences</h2>
<ul>
<li><a href="/revolutionary-anime-that-took-2024-by-storm-5-groundbreaking-shows/">Revolutionary Anime That Took 2024 By Storm: 5 Groundbreaking Shows</a></li>
<li><a href="/revolutionizing-10-anime-series-breaking-boundaries-in-2024/">Revolutionizing 10 Anime Series Breaking Boundaries In 2024</a></li>
<li><a href="/the-10-most-diabolical-anime-villains-of-2024-that-will-leave-you-shaken/">The 10 Most Diabolical Anime Villains Of 2024 That Will Leave You Shaken</a></li>
<li><a href="/electrifying-anime-collaborations-of-2024-10-unforgettable-team-ups/">Electrifying Anime Collaborations Of 2024: 10 Unforgettable Team-Ups</a></li>
<li><a href="/bursting-with-emotion-top-10-unmissable-romance-anime-of-2024/">&quot;Bursting With Emotion: Top 10 Unmissable Romance Anime Of 2024&quot;</a></li>
</ul>
<div id="toc">
<h2>Table of Content</h2>
<ul>
<li><a href="#related-of-unleash-the-fun:-2024's-10-best-anime-for-younger-audiences">1 Related of Unleash the Fun: 2024&#8217;s 10 Best Anime for Younger Audiences</a></li>
<li><a href="#related-video-about-unleash-the-fun:-2024's-10-best-anime-for-younger-audiences">2 Related Video About Unleash the Fun: 2024&#8217;s 10 Best Anime for Younger Audiences</a></li>
</ul>
</div>
<h2 id="related-video-about-unleash-the-fun:-2024's-10-best-anime-for-younger-audiences">Related Video About Unleash the Fun: 2024&#8217;s 10 Best Anime for Younger Audiences</h2>
<p><center></center></p>
<p>Unleash the Fun: 2024&#8217;s 10 Best Anime for Younger Audiences</p>
<p><img decoding="async" class="aligncenter" src="https://therecenttimes.com/wp-content/uploads/2021/02/top-10-1024x576.jpg" alt="Unleash the Fun: 2024's 10 Best Anime for Younger Audiences" width="600" /></p>
<p>As an anime enthusiast and a parent, I&#8217;m always on the lookout for shows that are both entertaining and suitable for kids. In recent years, anime has become increasingly popular among younger audiences, with its vibrant characters, engaging storylines, and valuable life lessons. In this article, I&#8217;ll be sharing my top picks for the best anime of 2024 that are perfect for kids and kids-at-heart.</p>
<p>But before I dive into my list, I want to share a personal anecdote. When my little niece was hospitalized last year, I introduced her to the world of anime to help lift her spirits. We spent hours watching shows like &quot;My Neighbor Totoro&quot; and &quot;Pokémon,&quot; and I was amazed at how these shows brought a smile to her face and transported her to a world of wonder and magic. From that moment on, I became a firm believer in the power of anime to inspire and uplift younger audiences.</p>
]]></content:encoded>
					
		
		
			</item>
		<item>
		<title>2024&#8217;s Most Jaw-Dropping Anime Moments: 10 Plot Twists That Left Us Speechless</title>
		<link>/2024s-most-jaw-dropping-anime-moments-10-plot-twists-that-left-us-speechless/</link>
		
		<dc:creator><![CDATA[Admin]]></dc:creator>
		<pubDate>Fri, 06 Sep 2024 21:21:00 +0000</pubDate>
				<category><![CDATA[Anime]]></category>
		<category><![CDATA[10]]></category>
		<category><![CDATA[2024s]]></category>
		<category><![CDATA[anime]]></category>
		<category><![CDATA[jawdropping]]></category>
		<category><![CDATA[left]]></category>
		<category><![CDATA[moments]]></category>
		<category><![CDATA[most]]></category>
		<category><![CDATA[plot]]></category>
		<category><![CDATA[speechless]]></category>
		<category><![CDATA[that]]></category>
		<category><![CDATA[twists]]></category>
		<category><![CDATA[us]]></category>
		<guid isPermaLink="false">/2024s-most-jaw-dropping-anime-moments-10-plot-twists-that-left-us-speechless/</guid>

					<description><![CDATA[Related of 2024&#8217;s Most Jaw-Dropping Anime Moments: 10 Plot Twists That Left Us Speechless Revolutionary...]]></description>
										<content:encoded><![CDATA[<h2 id="related-of-2024's-most-jaw-dropping-anime-moments:-10-plot-twists-that-left-us-speechless">Related of 2024&#8217;s Most Jaw-Dropping Anime Moments: 10 Plot Twists That Left Us Speechless</h2>
<ul>
<li><a href="/revolutionary-anime-storm-top-7-shows-capturing-fans-hearts-in-2024/">Revolutionary Anime Storm: Top 7 Shows Capturing Fans&#8217; Hearts In 2024</a></li>
<li><a href="/the-scorching-hot-anime-of-2024-top-10-series-you-need-to-watch/">The Scorching Hot Anime Of 2024: Top 10 Series You Need To Watch</a></li>
<li><a href="/2024s-top-10-anime-bombshells-which-fan-favorites-reign-supreme/">2024&#8217;s Top 10 Anime Bombshells: Which Fan Favorites Reign Supreme?</a></li>
<li><a href="/electrifying-2024-5-anime-blockbusters-to-rev-up-your-year/">Electrifying 2024: 5 Anime Blockbusters To Rev Up Your Year</a></li>
<li><a href="/6-heart-wrenching-anime-moments-of-2024-that-left-us-breathless/">&quot;6 Heart-Wrenching Anime Moments Of 2024 That Left Us Breathless&quot;</a></li>
</ul>
<div id="toc">
<h2>Table of Content</h2>
<ul>
<li><a href="#related-of-2024's-most-jaw-dropping-anime-moments:-10-plot-twists-that-left-us-speechless">1 Related of 2024&#8217;s Most Jaw-Dropping Anime Moments: 10 Plot Twists That Left Us Speechless</a></li>
<li><a href="#related-video-about-2024's-most-jaw-dropping-anime-moments:-10-plot-twists-that-left-us-speechless">2 Related Video About 2024&#8217;s Most Jaw-Dropping Anime Moments: 10 Plot Twists That Left Us Speechless</a></li>
</ul>
</div>
<h2 id="related-video-about-2024's-most-jaw-dropping-anime-moments:-10-plot-twists-that-left-us-speechless">Related Video About 2024&#8217;s Most Jaw-Dropping Anime Moments: 10 Plot Twists That Left Us Speechless</h2>
<p><center><iframe name="view" width="560" height="315" src="https://www.youtube.com/embed/awUm3ADfSxA" frameborder="0" allowfullscreen></iframe></center></p>
<p>2024&#8217;s Most Jaw-Dropping Anime Moments: 10 Plot Twists That Left Us Speechless</p>
<p><img decoding="async" class="aligncenter" src="https://images.saymedia-content.com/.image/t_share/MTc2MjQ0MzQ3NTI3ODMzNDc5/20-animes-with-jaw-dropping-plot-twists.jpg" alt="2024's Most Jaw-Dropping Anime Moments: 10 Plot Twists That Left Us Speechless" width="600" /></p>
<p>If you&#8217;re an anime fan, you know that there&#8217;s nothing quite like the thrill of experiencing a shocking plot twist or reveal in your favorite show. It&#8217;s that moment when your jaw drops, your eyes widen, and you can&#8217;t help but exclaim, &quot;What just happened?!&quot; As we&#8217;re halfway through 2024, we&#8217;ve already seen our fair share of jaw-dropping anime moments that have left us speechless. In this article, we&#8217;ll count down the top 10 most shocking anime scenes of the year so far.</p>
<ol start="10">
]]></content:encoded>
					
		
		
			</item>
		<item>
		<title>Revolutionary Moments From 2024&#8217;s Anime: 5 Scenes That Left Us Speechless</title>
		<link>/revolutionary-moments-from-2024s-anime-5-scenes-that-left-us-speechless/</link>
		
		<dc:creator><![CDATA[Admin]]></dc:creator>
		<pubDate>Fri, 06 Sep 2024 04:15:00 +0000</pubDate>
				<category><![CDATA[Anime]]></category>
		<category><![CDATA[2024s]]></category>
		<category><![CDATA[anime]]></category>
		<category><![CDATA[left]]></category>
		<category><![CDATA[moments]]></category>
		<category><![CDATA[revolutionary]]></category>
		<category><![CDATA[scenes]]></category>
		<category><![CDATA[speechless]]></category>
		<category><![CDATA[that]]></category>
		<category><![CDATA[us]]></category>
		<guid isPermaLink="false">/revolutionary-moments-from-2024s-anime-5-scenes-that-left-us-speechless/</guid>

					<description><![CDATA[Related of Revolutionary Moments from 2024&#8217;s Anime: 5 Scenes That Left Us Speechless Electric 2024...]]></description>
										<content:encoded><![CDATA[<h2 id="related-of-revolutionary-moments-from-2024's-anime:-5-scenes-that-left-us-speechless">Related of Revolutionary Moments from 2024&#8217;s Anime: 5 Scenes That Left Us Speechless</h2>
<ul>
<li><a href="/electric-2024-anime-lineup-7-most-thrilling-shows-to-watch/">Electric 2024 Anime Lineup: 7 Most Thrilling Shows To Watch</a></li>
<li><a href="/mind-blowing-top-10-most-popular-anime-of-2024-you-cant-miss/">Mind-Blowing Top 10 Most Popular Anime Of 2024 You Can&#8217;t Miss</a></li>
<li><a href="/top-10-mind-blowing-anime-scenes-of-2024-that-left-us-speechless/">Top 10 Mind-Blowing Anime Scenes Of 2024 That Left Us Speechless</a></li>
<li><a href="/revolutionizing-the-world-of-anime-top-10-game-changers-of-early-2024/">&quot;Revolutionizing The World Of Anime: Top 10 Game-Changers Of Early 2024&quot;</a></li>
<li><a href="/2024s-anime-revolution-5-shows-thatll-dominate-the-scene/">2024&#8217;s Anime Revolution: 5 Shows That&#8217;ll Dominate The Scene</a></li>
</ul>
<div id="toc">
<h2>Table of Content</h2>
<ul>
<li><a href="#related-of-revolutionary-moments-from-2024's-anime:-5-scenes-that-left-us-speechless">1 Related of Revolutionary Moments from 2024&#8217;s Anime: 5 Scenes That Left Us Speechless</a></li>
<li><a href="#related-video-about-revolutionary-moments-from-2024's-anime:-5-scenes-that-left-us-speechless">2 Related Video About Revolutionary Moments from 2024&#8217;s Anime: 5 Scenes That Left Us Speechless</a></li>
</ul>
</div>
<h2 id="related-video-about-revolutionary-moments-from-2024's-anime:-5-scenes-that-left-us-speechless">Related Video About Revolutionary Moments from 2024&#8217;s Anime: 5 Scenes That Left Us Speechless</h2>
<p><center><iframe name="view" width="560" height="315" src="https://www.youtube.com/embed/QT1ZXudH73Y" frameborder="0" allowfullscreen></iframe></center></p>
<p>Revolutionary Moments from 2024&#8217;s Anime: 5 Scenes That Left Us Speechless</p>
<p><img decoding="async" class="aligncenter" src="https://static0.gamerantimages.com/wordpress/wp-content/uploads/2021/12/Featured-Classic-Anime-Moments.jpg" alt="Revolutionary Moments from 2024's Anime: 5 Scenes That Left Us Speechless" width="600" /></p>
<p>As we&#8217;ve reached the midpoint of 2024, it&#8217;s safe to say that this year&#8217;s anime offerings have been anything but disappointing. From heart-wrenching drama to adrenaline-fueled action, we&#8217;ve witnessed some truly unforgettable scenes that have left an indelible mark on our minds. In this article, we&#8217;ll delve into five of the most striking moments that have made 2024&#8217;s anime truly stand out.</p>
<p><strong>1. The Emotional Reunion in &quot;Tokyo Revengers: Christmas Showdown&quot;</strong></p>
]]></content:encoded>
					
		
		
			</item>
		<item>
		<title>2024&#8217;s Most Electrifying Anime: Top 7 Series Fueling The Fandom Frenzy</title>
		<link>/2024s-most-electrifying-anime-top-7-series-fueling-the-fandom-frenzy/</link>
		
		<dc:creator><![CDATA[Admin]]></dc:creator>
		<pubDate>Thu, 05 Sep 2024 04:48:00 +0000</pubDate>
				<category><![CDATA[Anime]]></category>
		<category><![CDATA[2024s]]></category>
		<category><![CDATA[anime]]></category>
		<category><![CDATA[electrifying]]></category>
		<category><![CDATA[fandom]]></category>
		<category><![CDATA[frenzy]]></category>
		<category><![CDATA[fueling]]></category>
		<category><![CDATA[most]]></category>
		<category><![CDATA[series]]></category>
		<category><![CDATA[top]]></category>
		<guid isPermaLink="false">/2024s-most-electrifying-anime-top-7-series-fueling-the-fandom-frenzy/</guid>

					<description><![CDATA[Related of 2024&#8217;s Most Electrifying Anime: Top 7 Series Fueling the Fandom Frenzy The Scorching...]]></description>
										<content:encoded><![CDATA[<h2 id="related-of-2024's-most-electrifying-anime:-top-7-series-fueling-the-fandom-frenzy">Related of 2024&#8217;s Most Electrifying Anime: Top 7 Series Fueling the Fandom Frenzy</h2>
<ul>
<li><a href="/the-scorching-hot-anime-of-2024-top-10-series-you-need-to-watch/">The Scorching Hot Anime Of 2024: Top 10 Series You Need To Watch</a></li>
<li><a href="/epic-top-10-most-popular-anime-of-2024-you-cant-miss/">EPIC: Top 10 Most Popular Anime Of 2024 You Can&#8217;t Miss</a></li>
<li><a href="/top-10-mind-blowing-anime-scenes-of-2024-that-left-us-speechless/">Top 10 Mind-Blowing Anime Scenes Of 2024 That Left Us Speechless</a></li>
<li><a href="/whats-smokin-hot-top-20-anime-of-2024-you-cant-miss/">What&#8217;s Smokin&#8217; Hot: Top 20 Anime Of 2024 You Can&#8217;t Miss</a></li>
<li><a href="/2024s-most-jaw-dropping-anime-moments-10-plot-twists-that-left-us-speechless/">2024&#8217;s Most Jaw-Dropping Anime Moments: 10 Plot Twists That Left Us Speechless</a></li>
</ul>
<div id="toc">
<h2>Table of Content</h2>
<ul>
<li><a href="#related-of-2024's-most-electrifying-anime:-top-7-series-fueling-the-fandom-frenzy">1 Related of 2024&#8217;s Most Electrifying Anime: Top 7 Series Fueling the Fandom Frenzy</a></li>
<li><a href="#related-video-about-2024's-most-electrifying-anime:-top-7-series-fueling-the-fandom-frenzy">2 Related Video About 2024&#8217;s Most Electrifying Anime: Top 7 Series Fueling the Fandom Frenzy</a></li>
</ul>
</div>
<h2 id="related-video-about-2024's-most-electrifying-anime:-top-7-series-fueling-the-fandom-frenzy">Related Video About 2024&#8217;s Most Electrifying Anime: Top 7 Series Fueling the Fandom Frenzy</h2>
<p><center><iframe name="view" width="560" height="315" src="https://www.youtube.com/embed/Gr6Am3OdgOA" frameborder="0" allowfullscreen></iframe></center></p>
<p><strong>2024&#8217;s Most Electrifying Anime: Top 7 Series Fueling the Fandom Frenzy</strong></p>
<p><img decoding="async" class="aligncenter" src="https://erikstore.com/blog/wp-content/uploads/2023/02/estrenos-anime-2023.jpg" alt="2024's Most Electrifying Anime: Top 7 Series Fueling the Fandom Frenzy" width="600" /></p>
<p>If you&#8217;re an anime enthusiast, you&#8217;re likely no stranger to the magic that unfolds when vibrant visuals, relatable characters, and captivating storylines come together. As we dive into the world of Japanese animation in 2024, it&#8217;s clear that this year is shaping up to be an unforgettable one for fans everywhere. In this article, we&#8217;ll delve into the top 7 anime series that have already sent shockwaves through the community, and explore what makes them so darn compelling.</p>
<p><strong>The Power of Community: A Personal Anecdote</strong></p>
]]></content:encoded>
					
		
		
			</item>
		<item>
		<title>2024&#8217;s Anime Masters: Top 5 Shows That Stole The Spotlight This Season</title>
		<link>/2024s-anime-masters-top-5-shows-that-stole-the-spotlight-this-season/</link>
		
		<dc:creator><![CDATA[Admin]]></dc:creator>
		<pubDate>Wed, 04 Sep 2024 22:18:00 +0000</pubDate>
				<category><![CDATA[Anime]]></category>
		<category><![CDATA[2024s]]></category>
		<category><![CDATA[anime]]></category>
		<category><![CDATA[masters]]></category>
		<category><![CDATA[season]]></category>
		<category><![CDATA[shows]]></category>
		<category><![CDATA[spotlight]]></category>
		<category><![CDATA[stole]]></category>
		<category><![CDATA[that]]></category>
		<category><![CDATA[this]]></category>
		<category><![CDATA[top]]></category>
		<guid isPermaLink="false">/2024s-anime-masters-top-5-shows-that-stole-the-spotlight-this-season/</guid>

					<description><![CDATA[Related of 2024&#8217;s Anime Masters: Top 5 Shows That Stole the Spotlight This Season 2024&#8217;s...]]></description>
										<content:encoded><![CDATA[<h2 id="related-of-2024's-anime-masters:-top-5-shows-that-stole-the-spotlight-this-season">Related of 2024&#8217;s Anime Masters: Top 5 Shows That Stole the Spotlight This Season</h2>
<ul>
<li><a href="/2024s-anime-revolution-5-shows-thatll-dominate-the-scene/">2024&#8217;s Anime Revolution: 5 Shows That&#8217;ll Dominate The Scene</a></li>
<li><a href="/electric-2024-anime-lineup-7-most-thrilling-shows-to-watch/">Electric 2024 Anime Lineup: 7 Most Thrilling Shows To Watch</a></li>
<li><a href="/best-anime-showdowns-of-2024-7-electrifying-battles-that-ignite-the-screen/">Best Anime Showdowns Of 2024: 7 Electrifying Battles That Ignite The Screen</a></li>
<li><a href="/revolutionizing-the-world-of-anime-top-10-game-changers-of-early-2024/">&quot;Revolutionizing The World Of Anime: Top 10 Game-Changers Of Early 2024&quot;</a></li>
<li><a href="/dominating-the-top-10-unstoppable-anime-series-of-2024/">Dominating The Top 10: Unstoppable Anime Series Of 2024</a></li>
</ul>
<div id="toc">
<h2>Table of Content</h2>
<ul>
<li><a href="#related-of-2024's-anime-masters:-top-5-shows-that-stole-the-spotlight-this-season">1 Related of 2024&#8217;s Anime Masters: Top 5 Shows That Stole the Spotlight This Season</a></li>
<li><a href="#related-video-about-2024's-anime-masters:-top-5-shows-that-stole-the-spotlight-this-season">2 Related Video About 2024&#8217;s Anime Masters: Top 5 Shows That Stole the Spotlight This Season</a></li>
</ul>
</div>
<h2 id="related-video-about-2024's-anime-masters:-top-5-shows-that-stole-the-spotlight-this-season">Related Video About 2024&#8217;s Anime Masters: Top 5 Shows That Stole the Spotlight This Season</h2>
<p><center></center></p>
<p>2024&#8217;s Anime Masters: Top 5 Shows That Stole the Spotlight This Season</p>
<p><img decoding="async" class="aligncenter" src="https://staticg.sportskeeda.com/editor/2021/11/61983-16364554521188-1920.jpg" alt="2024's Anime Masters: Top 5 Shows That Stole the Spotlight This Season" width="600" /></p>
<p>As we dive into the world of anime in 2024, it&#8217;s clear that this season has brought us some truly exceptional shows. From action-packed thrillers to heartwarming romances, there&#8217;s something for everyone in the vast and vibrant world of Japanese animation. As an anime enthusiast myself, I&#8217;ve had the privilege of exploring this season&#8217;s most talked-about series, and today I&#8217;ll be sharing my top 5 picks that have stolen the spotlight.</p>
<p><strong>Ranking the Best: My Top 5 Anime Shows of 2024</strong></p>
]]></content:encoded>
					
		
		
			</item>
		<item>
		<title>&#034;Electrifying Moments: 2024&#8217;s Top 10 Anime Episodes That Left Us Speechless&#034;</title>
		<link>/electrifying-moments-2024s-top-10-anime-episodes-that-left-us-speechless/</link>
		
		<dc:creator><![CDATA[Admin]]></dc:creator>
		<pubDate>Mon, 02 Sep 2024 08:43:00 +0000</pubDate>
				<category><![CDATA[Anime]]></category>
		<category><![CDATA[10]]></category>
		<category><![CDATA[2024s]]></category>
		<category><![CDATA[anime]]></category>
		<category><![CDATA[episodes]]></category>
		<category><![CDATA[left]]></category>
		<category><![CDATA[moments]]></category>
		<category><![CDATA[quotelectrifying]]></category>
		<category><![CDATA[speechlessquot]]></category>
		<category><![CDATA[that]]></category>
		<category><![CDATA[top]]></category>
		<category><![CDATA[us]]></category>
		<guid isPermaLink="false">/electrifying-moments-2024s-top-10-anime-episodes-that-left-us-speechless/</guid>

					<description><![CDATA[Related of &#34;Electrifying Moments: 2024&#8217;s Top 10 Anime Episodes That Left Us Speechless&#34; &#34;2024&#8217;s Top...]]></description>
										<content:encoded><![CDATA[<h2 id="related-of-&quot;electrifying-moments:-2024's-top-10-anime-episodes-that-left-us-speechless&quot;">Related of &quot;Electrifying Moments: 2024&#8217;s Top 10 Anime Episodes That Left Us Speechless&quot;</h2>
<ul>
<li><a href="/2024s-top-10-anime-shows-that-will-blow-your-mind/">&quot;2024&#8217;s Top 10 Anime Shows That Will Blow Your Mind&quot;</a></li>
<li><a href="/13-epic-face-offs-the-intense-fight-scene-showdown-of-2024/">13 Epic Face-Offs: The Intense Fight Scene Showdown Of 2024</a></li>
<li><a href="/unstoppable-20-the-female-anime-characters-redefining-power-in-2024/">&quot;Unstoppable 20: The Female Anime Characters Redefining Power In 2024&quot;</a></li>
<li><a href="/10-jaw-dropping-post-apocalyptic-anime-toobsess-over-in-2024/">&quot;10 Jaw-Dropping Post-Apocalyptic Anime ToObsess Over In 2024&quot;</a></li>
<li><a href="/epic-2024-the-9-most-electrifying-anime-stand-offs/">Epic 2024: The 9 Most Electrifying Anime Stand-Offs</a></li>
</ul>
<div id="toc">
<h2>Table of Content</h2>
<ul>
<li><a href="#related-of-&quot;electrifying-moments:-2024's-top-10-anime-episodes-that-left-us-speechless&quot;">1 Related of &quot;Electrifying Moments: 2024&#8217;s Top 10 Anime Episodes That Left Us Speechless&quot;</a></li>
<li><a href="#related-video-about-&quot;electrifying-moments:-2024's-top-10-anime-episodes-that-left-us-speechless&quot;">2 Related Video About &quot;Electrifying Moments: 2024&#8217;s Top 10 Anime Episodes That Left Us Speechless&quot;</a></li>
</ul>
</div>
<h2 id="related-video-about-&quot;electrifying-moments:-2024's-top-10-anime-episodes-that-left-us-speechless&quot;">Related Video About &quot;Electrifying Moments: 2024&#8217;s Top 10 Anime Episodes That Left Us Speechless&quot;</h2>
<p><center></center></p>
<p><strong>&quot;Electrifying Moments: 2024&#8217;s Top 10 Anime Episodes That Left Us Speechless&quot;</strong></p>
<p><img decoding="async" class="aligncenter" src="" alt="&quot;Electrifying Moments: 2024's Top 10 Anime Episodes That Left Us Speechless&quot;" width="600" /></p>
<p>As an anime enthusiast, I&#8217;m always on the lookout for those jaw-dropping moments that make me question everything I thought I knew about a series. You know, the kind of episodes that leave you gasping for air, wondering how the creators managed to pack so much punch into 20-odd minutes of animation. If you&#8217;re like me, then you&#8217;re in for a treat – 2024 has been an incredible year for anime so far, with some truly electrifying episodes that have left fans worldwide speechless.</p>
<p>In this article, we&#8217;ll count down the top 10 highest rated anime episodes of 2024, exploring what makes them tick and why they&#8217;ve left such a lasting impact on audiences. From action-packed finales to emotionally charged character studies, we&#8217;ll dive into the world of anime and examine the most unforgettable moments of the year.</p>
]]></content:encoded>
					
		
		
			</item>
		<item>
		<title>2024&#8217;s Top 10 Anime Shows That Are Blowing Minds</title>
		<link>/2024s-top-10-anime-shows-that-are-blowing-minds/</link>
		
		<dc:creator><![CDATA[Admin]]></dc:creator>
		<pubDate>Sun, 01 Sep 2024 03:03:00 +0000</pubDate>
				<category><![CDATA[Anime]]></category>
		<category><![CDATA[10]]></category>
		<category><![CDATA[2024s]]></category>
		<category><![CDATA[anime]]></category>
		<category><![CDATA[blowing]]></category>
		<category><![CDATA[minds]]></category>
		<category><![CDATA[shows]]></category>
		<category><![CDATA[that]]></category>
		<category><![CDATA[top]]></category>
		<guid isPermaLink="false">/2024s-top-10-anime-shows-that-are-blowing-minds/</guid>

					<description><![CDATA[Related of 2024&#8217;s Top 10 Anime Shows That Are Blowing Minds &#34;Electrifying: 5 Anime Shows...]]></description>
										<content:encoded><![CDATA[<h2 id="related-of-2024's-top-10-anime-shows-that-are-blowing-minds">Related of 2024&#8217;s Top 10 Anime Shows That Are Blowing Minds</h2>
<ul>
<li><a href="/electrifying-5-anime-shows-to-dominate-every-genre-in-2024/">&quot;Electrifying: 5 Anime Shows To Dominate Every Genre In 2024</a></li>
<li><a href="/7-breathtaking-anime-worlds-youll-be-dying-to-visit-in-2024/">7 Breathtaking Anime Worlds You&#8217;ll Be Dying To Visit In 2024</a></li>
<li><a href="/epic-showdowns-7-most-mind-blowing-sword-fights-in-2024-anime/">Epic Showdowns: 7 Most Mind-Blowing Sword Fights In 2024 Anime</a></li>
<li><a href="/5-electrifying-anime-of-2024-that-will-mesmerize-your-senses/">5 Electrifying Anime Of 2024 That Will Mesmerize Your Senses</a></li>
<li><a href="/electric-2024-10-anime-shows-that-will-recharge-longtime-fans/">Electric 2024: 10 Anime Shows That Will Recharge Longtime Fans</a></li>
</ul>
<div id="toc">
<h2>Table of Content</h2>
<ul>
<li><a href="#related-of-2024's-top-10-anime-shows-that-are-blowing-minds">1 Related of 2024&#8217;s Top 10 Anime Shows That Are Blowing Minds</a></li>
<li><a href="#related-video-about-2024's-top-10-anime-shows-that-are-blowing-minds">2 Related Video About 2024&#8217;s Top 10 Anime Shows That Are Blowing Minds</a></li>
</ul>
</div>
<h2 id="related-video-about-2024's-top-10-anime-shows-that-are-blowing-minds">Related Video About 2024&#8217;s Top 10 Anime Shows That Are Blowing Minds</h2>
<p><center></center></p>
<p><strong>2024&#8217;s Top 10 Anime Shows That Are Blowing Minds</strong></p>
<p><img decoding="async" class="aligncenter" src="https://preview.redd.it/top-10-anime-of-the-week-fall-2022-anime-corner-v0-v4ejcg5vnbz91.png?auto=webpu0026s=84c632c003d3b9638d71caa651b38942d7d10391" alt="2024's Top 10 Anime Shows That Are Blowing Minds" width="600" /></p>
<p>As an anime enthusiast, there&#8217;s nothing quite like the thrill of discovering a new series that blows your mind and leaves you eagerly anticipating the next episode. With the rise of streaming services and social media, it&#8217;s easier than ever to find and connect with fellow fans who share your passions. In this article, we&#8217;ll be counting down the top 10 anime shows of 2024 that are topping polls and winning hearts.</p>
<p><strong>10. The Ancient Magus&#8217; Bride</strong></p>
]]></content:encoded>
					
		
		
			</item>
		<item>
		<title>2024&#8217;s Anime Revival: 7 Series That Returned To Glory</title>
		<link>/2024s-anime-revival-7-series-that-returned-to-glory/</link>
		
		<dc:creator><![CDATA[Admin]]></dc:creator>
		<pubDate>Sat, 31 Aug 2024 03:35:00 +0000</pubDate>
				<category><![CDATA[Anime]]></category>
		<category><![CDATA[2024s]]></category>
		<category><![CDATA[anime]]></category>
		<category><![CDATA[glory]]></category>
		<category><![CDATA[returned]]></category>
		<category><![CDATA[revival]]></category>
		<category><![CDATA[series]]></category>
		<category><![CDATA[that]]></category>
		<category><![CDATA[to]]></category>
		<guid isPermaLink="false">/2024s-anime-revival-7-series-that-returned-to-glory/</guid>

					<description><![CDATA[Related of 2024&#8217;s Anime Revival: 7 Series That Returned to Glory 2024 Anime Power Rankings:...]]></description>
										<content:encoded><![CDATA[<h2 id="related-of-2024's-anime-revival:-7-series-that-returned-to-glory">Related of 2024&#8217;s Anime Revival: 7 Series That Returned to Glory</h2>
<ul>
<li><a href="/2024-anime-power-rankings-top-10-series-exhibiting-unstoppable-supremacy/">2024 Anime Power Rankings: Top 10 Series Exhibiting Unstoppable Supremacy</a></li>
<li><a href="/10-mind-blowing-anime-of-2024-you-wont-regret-watching/">10 Mind-Blowing Anime Of 2024 You Won&#8217;t Regret Watching</a></li>
<li><a href="/2024s-10-most-electrifying-anime-moments-epic-twists-and-turns-that-left-fans-breathless/">2024&#8217;s 10 Most Electrifying Anime Moments: Epic Twists And Turns That Left Fans Breathless</a></li>
<li><a href="/revolutionary-moments-from-2024s-anime-5-scenes-that-left-us-speechless/">Revolutionary Moments From 2024&#8217;s Anime: 5 Scenes That Left Us Speechless</a></li>
<li><a href="/unstoppable-20-the-female-anime-characters-redefining-power-in-2024/">&quot;Unstoppable 20: The Female Anime Characters Redefining Power In 2024&quot;</a></li>
</ul>
<div id="toc">
<h2>Table of Content</h2>
<ul>
<li><a href="#related-of-2024's-anime-revival:-7-series-that-returned-to-glory">1 Related of 2024&#8217;s Anime Revival: 7 Series That Returned to Glory</a></li>
<li><a href="#related-video-about-2024's-anime-revival:-7-series-that-returned-to-glory">2 Related Video About 2024&#8217;s Anime Revival: 7 Series That Returned to Glory</a></li>
</ul>
</div>
<h2 id="related-video-about-2024's-anime-revival:-7-series-that-returned-to-glory">Related Video About 2024&#8217;s Anime Revival: 7 Series That Returned to Glory</h2>
<p><center></center></p>
<p>2024&#8217;s Anime Revival: 7 Series That Returned to Glory</p>
<p><img decoding="async" class="aligncenter" src="https://www.dexerto.com/cdn-cgi/image/width=3840,quality=75,format=auto/https://editors.dexerto.com/wp-content/uploads/2023/12/14/highly-anticipated-anime-2024-1.jpg" alt="2024's Anime Revival: 7 Series That Returned to Glory" width="600" /></p>
<p>As an avid anime fan, there&#8217;s nothing quite like seeing your favorite childhood shows make a comeback. This year, we&#8217;ve witnessed a slew of beloved anime series return to the scene, captivating both old and new fans alike. From thrilling adventure sagas to heartwarming coming-of-age tales, 2024&#8217;s anime revival is all about revisiting the classics and breathing new life into timeless stories.</p>
<p>In this article, we&#8217;ll dive into 7 iconic anime series that have made a triumphant return to the world of animation. Get ready for a blast from the past as we relive the magic of these unforgettable shows.</p>
]]></content:encoded>
					
		
		
			</item>
		<item>
		<title>2024&#8217;s Jaw-Dropping Top 10 Anime Plotlines That Will Blow Your Mind</title>
		<link>/2024s-jaw-dropping-top-10-anime-plotlines-that-will-blow-your-mind/</link>
		
		<dc:creator><![CDATA[Admin]]></dc:creator>
		<pubDate>Fri, 30 Aug 2024 15:41:00 +0000</pubDate>
				<category><![CDATA[Anime]]></category>
		<category><![CDATA[10]]></category>
		<category><![CDATA[2024s]]></category>
		<category><![CDATA[anime]]></category>
		<category><![CDATA[blow]]></category>
		<category><![CDATA[jawdropping]]></category>
		<category><![CDATA[mind]]></category>
		<category><![CDATA[plotlines]]></category>
		<category><![CDATA[that]]></category>
		<category><![CDATA[top]]></category>
		<category><![CDATA[your]]></category>
		<guid isPermaLink="false">/2024s-jaw-dropping-top-10-anime-plotlines-that-will-blow-your-mind/</guid>

					<description><![CDATA[Related of 2024&#8217;s Jaw-Dropping Top 10 Anime Plotlines That Will Blow Your Mind 6 Unstoppable...]]></description>
										<content:encoded><![CDATA[<h2 id="related-of-2024's-jaw-dropping-top-10-anime-plotlines-that-will-blow-your-mind">Related of 2024&#8217;s Jaw-Dropping Top 10 Anime Plotlines That Will Blow Your Mind</h2>
<ul>
<li><a href="/6-unstoppable-female-anime-characters-taking-over-2024/">6 Unstoppable Female Anime Characters Taking Over 2024</a></li>
<li><a href="/laughter-unleashed-10-anime-moments-from-2024-that-will-leave-you-in-stitches/">Laughter Unleashed: 10 Anime Moments From 2024 That Will Leave You In Stitches</a></li>
<li><a href="/2024s-top-10-hidden-gems-youve-overlooked-in-the-anime-world/">2024&#8217;s Top 10 Hidden Gems You&#8217;ve Overlooked In The Anime World</a></li>
<li><a href="/heartbreaking-moments-top-7-emotional-anime-scenes-of-2024/">Heartbreaking Moments: Top 7 Emotional Anime Scenes Of 2024</a></li>
<li><a href="/2024s-top-10-anime-bombshells-which-fan-favorites-reign-supreme/">2024&#8217;s Top 10 Anime Bombshells: Which Fan Favorites Reign Supreme?</a></li>
</ul>
<div id="toc">
<h2>Table of Content</h2>
<ul>
<li><a href="#related-of-2024's-jaw-dropping-top-10-anime-plotlines-that-will-blow-your-mind">1 Related of 2024&#8217;s Jaw-Dropping Top 10 Anime Plotlines That Will Blow Your Mind</a></li>
<li><a href="#related-video-about-2024's-jaw-dropping-top-10-anime-plotlines-that-will-blow-your-mind">2 Related Video About 2024&#8217;s Jaw-Dropping Top 10 Anime Plotlines That Will Blow Your Mind</a></li>
</ul>
</div>
<h2 id="related-video-about-2024's-jaw-dropping-top-10-anime-plotlines-that-will-blow-your-mind">Related Video About 2024&#8217;s Jaw-Dropping Top 10 Anime Plotlines That Will Blow Your Mind</h2>
<p><center></center></p>
<p>2024&#8217;s Jaw-Dropping Top 10 Anime Plotlines That Will Blow Your Mind</p>
<p><img decoding="async" class="aligncenter" src="" alt="2024's Jaw-Dropping Top 10 Anime Plotlines That Will Blow Your Mind" width="600" /></p>
<p>As an avid anime fan, I&#8217;ve always been fascinated by the ability of a well-crafted plot to transport me to different worlds, evoke strong emotions, and leave me questioning the very fabric of reality. In recent years, the anime industry has been pushing the boundaries of storytelling, experimenting with complex themes, and redefining the art of plot development. In this article, I&#8217;ll share my take on the top 10 anime plotlines of 2024 that will blow your mind and leave you eagerly anticipating the next episode.</p>
<ol>
]]></content:encoded>
					
		
		
			</item>
	</channel>
</rss>
