<?xml version="1.0" encoding="UTF-8"?><rss version="2.0"
	xmlns:content="http://purl.org/rss/1.0/modules/content/"
	xmlns:wfw="http://wellformedweb.org/CommentAPI/"
	xmlns:dc="http://purl.org/dc/elements/1.1/"
	xmlns:atom="http://www.w3.org/2005/Atom"
	xmlns:sy="http://purl.org/rss/1.0/modules/syndication/"
	xmlns:slash="http://purl.org/rss/1.0/modules/slash/"
	>

<channel>
	<title>23 &#8211; Views Update</title>
	<atom:link href="/tag/23/feed/" rel="self" type="application/rss+xml" />
	<link></link>
	<description></description>
	<lastBuildDate>Mon, 02 Sep 2024 03:03:00 +0000</lastBuildDate>
	<language>en-US</language>
	<sy:updatePeriod>
	hourly	</sy:updatePeriod>
	<sy:updateFrequency>
	1	</sy:updateFrequency>
	<generator>https://wordpress.org/?v=6.6.2</generator>
	<item>
		<title>&#034;Unleashing 23 Innovative Anime Concepts In 2024 That Will Revolutionize The Industry&#034;</title>
		<link>/unleashing-23-innovative-anime-concepts-in-2024-that-will-revolutionize-the-industry/</link>
		
		<dc:creator><![CDATA[Admin]]></dc:creator>
		<pubDate>Mon, 02 Sep 2024 03:03:00 +0000</pubDate>
				<category><![CDATA[Anime]]></category>
		<category><![CDATA[2024]]></category>
		<category><![CDATA[23]]></category>
		<category><![CDATA[anime]]></category>
		<category><![CDATA[concepts]]></category>
		<category><![CDATA[industryquot]]></category>
		<category><![CDATA[innovative]]></category>
		<category><![CDATA[quotunleashing]]></category>
		<category><![CDATA[revolutionize]]></category>
		<category><![CDATA[that]]></category>
		<guid isPermaLink="false">/unleashing-23-innovative-anime-concepts-in-2024-that-will-revolutionize-the-industry/</guid>

					<description><![CDATA[Related of &#34;Unleashing 23 Innovative Anime Concepts in 2024 That Will Revolutionize the Industry&#34; &#34;Sensational...]]></description>
										<content:encoded><![CDATA[<h2 id="related-of-&quot;unleashing-23-innovative-anime-concepts-in-2024-that-will-revolutionize-the-industry&quot;">Related of &quot;Unleashing 23 Innovative Anime Concepts in 2024 That Will Revolutionize the Industry&quot;</h2>
<ul>
<li><a href="/sensational-anime-of-2024-7-reasons-why-ouroboros-is-leaving-everyone-speechless/">&quot;Sensational Anime Of 2024: 7 Reasons Why &#8216;Ouroboros&#8217; Is Leaving Everyone Speechless</a></li>
<li><a href="/2024s-anime-revolution-unveiling-the-top-10-highest-rated-shows-so-far/">2024&#8217;s Anime Revolution: Unveiling The Top 10 Highest Rated Shows So Far</a></li>
<li><a href="/top-10-most-electrifying-anime-characters-of-2024-the-ultimate-character-showcase/">Top 10 Most Electrifying Anime Characters Of 2024: The Ultimate Character Showcase</a></li>
<li><a href="/electrifying-10-fan-voted-top-anime-series-of-2024-thatll-blow-your-mind/">&quot;Electrifying: 10 Fan-Voted Top Anime Series Of 2024 That&#8217;ll Blow Your Mind&quot;</a></li>
<li><a href="/2024s-most-electrifying-anime-top-7-series-fueling-the-fandom-frenzy/">2024&#8217;s Most Electrifying Anime: Top 7 Series Fueling The Fandom Frenzy</a></li>
</ul>
<div id="toc">
<h2>Table of Content</h2>
<ul>
<li><a href="#related-of-&quot;unleashing-23-innovative-anime-concepts-in-2024-that-will-revolutionize-the-industry&quot;">1 Related of &quot;Unleashing 23 Innovative Anime Concepts in 2024 That Will Revolutionize the Industry&quot;</a></li>
<li><a href="#related-video-about-&quot;unleashing-23-innovative-anime-concepts-in-2024-that-will-revolutionize-the-industry&quot;">2 Related Video About &quot;Unleashing 23 Innovative Anime Concepts in 2024 That Will Revolutionize the Industry&quot;</a></li>
</ul>
</div>
<h2 id="related-video-about-&quot;unleashing-23-innovative-anime-concepts-in-2024-that-will-revolutionize-the-industry&quot;">Related Video About &quot;Unleashing 23 Innovative Anime Concepts in 2024 That Will Revolutionize the Industry&quot;</h2>
<p><center></center></p>
<p>&quot;Unleashing 23 Innovative Anime Concepts in 2024 That Will Revolutionize the Industry&quot;</p>
<p><img decoding="async" class="aligncenter" src="" alt="&quot;Unleashing 23 Innovative Anime Concepts in 2024 That Will Revolutionize the Industry&quot;" width="600" /></p>
<p>As an avid anime fan, I&#8217;m always on the lookout for the latest and greatest in innovative storytelling, captivating characters, and epic plot twists. And let me tell you, 2024 is shaping up to be an incredible year for anime enthusiasts. From mind-bending sci-fi to heartwarming slice-of-life stories, this year&#8217;s lineup is packed with creative and imaginative anime concepts that are sure to blow your mind.</p>
<p>As someone who&#8217;s been following the anime industry for years, I&#8217;ve noticed a significant shift in the type of stories being told. Gone are the days of formulaic, predictable plots. Today&#8217;s anime creators are pushing the boundaries, experimenting with new genres, and exploring complex themes that resonate with audiences worldwide.</p>
]]></content:encoded>
					
		
		
			</item>
	</channel>
</rss>
