<?xml version="1.0" encoding="UTF-8"?><rss version="2.0"
	xmlns:content="http://purl.org/rss/1.0/modules/content/"
	xmlns:wfw="http://wellformedweb.org/CommentAPI/"
	xmlns:dc="http://purl.org/dc/elements/1.1/"
	xmlns:atom="http://www.w3.org/2005/Atom"
	xmlns:sy="http://purl.org/rss/1.0/modules/syndication/"
	xmlns:slash="http://purl.org/rss/1.0/modules/slash/"
	>

<channel>
	<title>ablaze &#8211; Views Update</title>
	<atom:link href="/tag/ablaze/feed/" rel="self" type="application/rss+xml" />
	<link></link>
	<description></description>
	<lastBuildDate>Thu, 12 Sep 2024 07:30:00 +0000</lastBuildDate>
	<language>en-US</language>
	<sy:updatePeriod>
	hourly	</sy:updatePeriod>
	<sy:updateFrequency>
	1	</sy:updateFrequency>
	<generator>https://wordpress.org/?v=6.6.2</generator>
	<item>
		<title>Blazing 2024: Top 10 Most Downloaded Anime That Will Set Your Screen Ablaze</title>
		<link>/blazing-2024-top-10-most-downloaded-anime-that-will-set-your-screen-ablaze/</link>
		
		<dc:creator><![CDATA[Admin]]></dc:creator>
		<pubDate>Thu, 12 Sep 2024 07:30:00 +0000</pubDate>
				<category><![CDATA[Anime]]></category>
		<category><![CDATA[10]]></category>
		<category><![CDATA[2024]]></category>
		<category><![CDATA[ablaze]]></category>
		<category><![CDATA[anime]]></category>
		<category><![CDATA[blazing]]></category>
		<category><![CDATA[downloaded]]></category>
		<category><![CDATA[most]]></category>
		<category><![CDATA[screen]]></category>
		<category><![CDATA[set]]></category>
		<category><![CDATA[that]]></category>
		<category><![CDATA[top]]></category>
		<category><![CDATA[your]]></category>
		<guid isPermaLink="false">/blazing-2024-top-10-most-downloaded-anime-that-will-set-your-screen-ablaze/</guid>

					<description><![CDATA[Related of Blazing 2024: Top 10 Most Downloaded Anime That Will Set Your Screen Ablaze...]]></description>
										<content:encoded><![CDATA[<h2 id="related-of-blazing-2024:-top-10-most-downloaded-anime-that-will-set-your-screen-ablaze">Related of Blazing 2024: Top 10 Most Downloaded Anime That Will Set Your Screen Ablaze</h2>
<ul>
<li><a href="/legendary-moments-top-10-anime-episodes-of-2024-that-will-leave-you-speechless/">Legendary Moments: Top 10 Anime Episodes Of 2024 That Will Leave You Speechless</a></li>
<li><a href="/2024s-top-10-anime-bombshells-which-fan-favorites-reign-supreme/">2024&#8217;s Top 10 Anime Bombshells: Which Fan Favorites Reign Supreme?</a></li>
<li><a href="/incredible-anime-heroes-of-2024-our-top-10-picks/">Incredible Anime Heroes Of 2024: Our Top 10 Picks</a></li>
<li><a href="/the-best-new-anime-in-2024-5-explosive-series-you-cant-miss/">The Best New Anime In 2024: 5 Explosive Series You Can&#8217;t Miss</a></li>
<li><a href="/10-heart-wrenching-goodbyes-in-anime-that-left-us-sobbing/">10 Heart-Wrenching Goodbyes In Anime That Left Us Sobbing</a></li>
</ul>
<div id="toc">
<h2>Table of Content</h2>
<ul>
<li><a href="#related-of-blazing-2024:-top-10-most-downloaded-anime-that-will-set-your-screen-ablaze">1 Related of Blazing 2024: Top 10 Most Downloaded Anime That Will Set Your Screen Ablaze</a></li>
<li><a href="#related-video-about-blazing-2024:-top-10-most-downloaded-anime-that-will-set-your-screen-ablaze">2 Related Video About Blazing 2024: Top 10 Most Downloaded Anime That Will Set Your Screen Ablaze</a></li>
</ul>
</div>
<h2 id="related-video-about-blazing-2024:-top-10-most-downloaded-anime-that-will-set-your-screen-ablaze">Related Video About Blazing 2024: Top 10 Most Downloaded Anime That Will Set Your Screen Ablaze</h2>
<p><center></center></p>
<p>Blazing 2024: Top 10 Most Downloaded Anime That Will Set Your Screen Ablaze</p>
<p><img decoding="async" class="aligncenter" src="https://therecenttimes.com/wp-content/uploads/2021/02/top-10-1024x576.jpg" alt="Blazing 2024: Top 10 Most Downloaded Anime That Will Set Your Screen Ablaze" width="600" /></p>
<p>As we approach the midpoint of 2024, the world of anime has been abuzz with fresh faces, electrifying plot twists, and heartwarming storylines. The medium has transcended cultural boundaries, captivating audiences worldwide with its distinctive art style, complex characters, and gripping narratives. But which anime shows have managed to win over the hearts of fans this year? We&#8217;ve scoured the internet to bring you the top 10 most downloaded anime of 2024, guaranteed to set your screen ablaze.</p>
<p>Ranking in at number 10, the psychological thriller &quot;Hell&#8217;s Paradise&quot; has sent shockwaves across the anime community with its dark, gothic atmosphere and themes of redemption. This gruesome yet thought-provoking series has resonated with fans worldwide, raking in over 1.3 million downloads. I must admit, I was initially hesitant to watch &quot;Hell&#8217;s Paradise&quot; due to its mature themes, but after binge-watching the first few episodes, I was hooked. The series expertly explores the human condition, raising questions about morality, guilt, and the true meaning of atonement.</p>
]]></content:encoded>
					
		
		
			</item>
	</channel>
</rss>
