<?xml version="1.0" encoding="UTF-8"?><rss version="2.0"
	xmlns:content="http://purl.org/rss/1.0/modules/content/"
	xmlns:wfw="http://wellformedweb.org/CommentAPI/"
	xmlns:dc="http://purl.org/dc/elements/1.1/"
	xmlns:atom="http://www.w3.org/2005/Atom"
	xmlns:sy="http://purl.org/rss/1.0/modules/syndication/"
	xmlns:slash="http://purl.org/rss/1.0/modules/slash/"
	>

<channel>
	<title>11 &#8211; Views Update</title>
	<atom:link href="/tag/11/feed/" rel="self" type="application/rss+xml" />
	<link></link>
	<description></description>
	<lastBuildDate>Sat, 29 Jun 2024 10:13:00 +0000</lastBuildDate>
	<language>en-US</language>
	<sy:updatePeriod>
	hourly	</sy:updatePeriod>
	<sy:updateFrequency>
	1	</sy:updateFrequency>
	<generator>https://wordpress.org/?v=6.6.2</generator>
	<item>
		<title>The Ultimate Top 11: Most Electrifying Anime On Reddit In 2024 That Will Blow Your Mind</title>
		<link>/the-ultimate-top-11-most-electrifying-anime-on-reddit-in-2024-that-will-blow-your-mind/</link>
		
		<dc:creator><![CDATA[Admin]]></dc:creator>
		<pubDate>Sat, 29 Jun 2024 10:13:00 +0000</pubDate>
				<category><![CDATA[Anime]]></category>
		<category><![CDATA[11]]></category>
		<category><![CDATA[2024]]></category>
		<category><![CDATA[anime]]></category>
		<category><![CDATA[blow]]></category>
		<category><![CDATA[electrifying]]></category>
		<category><![CDATA[mind]]></category>
		<category><![CDATA[most]]></category>
		<category><![CDATA[reddit]]></category>
		<category><![CDATA[that]]></category>
		<category><![CDATA[top]]></category>
		<category><![CDATA[ultimate]]></category>
		<category><![CDATA[your]]></category>
		<guid isPermaLink="false">/the-ultimate-top-11-most-electrifying-anime-on-reddit-in-2024-that-will-blow-your-mind/</guid>

					<description><![CDATA[Related of The Ultimate Top 11: Most Electrifying Anime on Reddit in 2024 That Will...]]></description>
										<content:encoded><![CDATA[<h2 id="related-of-the-ultimate-top-11:-most-electrifying-anime-on-reddit-in-2024-that-will-blow-your-mind">Related of The Ultimate Top 11: Most Electrifying Anime on Reddit in 2024 That Will Blow Your Mind</h2>
<ul>
<li><a href="/electric-explosion-top-5-breakout-anime-of-2024-that-will-leave-you-breathless/">&quot;Electric Explosion: Top 5 Breakout Anime Of 2024 That Will Leave You Breathless&quot;</a></li>
<li><a href="/electrifying-2024-7-most-anticipated-anime-shows-to-watch-this-season/">&quot;Electrifying 2024: 7 Most Anticipated Anime Shows To Watch This Season&quot;</a></li>
<li><a href="/top-10-unforgettable-closing-moments-in-anime-2024-that-left-us-completely-breathless/">Top 10 Unforgettable Closing Moments In Anime 2024 That Left Us Completely Breathless</a></li>
<li><a href="/10-electrifying-chase-scenes-in-2024-anime-that-will-leave-you-breathless/">10 Electrifying Chase Scenes In 2024 Anime That Will Leave You Breathless</a></li>
<li><a href="/exploding-with-10-must-watch-anime-shows-of-2024/">Exploding With 10 Must-Watch Anime Shows Of 2024</a></li>
</ul>
<div id="toc">
<h2>Table of Content</h2>
<ul>
<li><a href="#related-of-the-ultimate-top-11:-most-electrifying-anime-on-reddit-in-2024-that-will-blow-your-mind">1 Related of The Ultimate Top 11: Most Electrifying Anime on Reddit in 2024 That Will Blow Your Mind</a></li>
<li><a href="#related-video-about-the-ultimate-top-11:-most-electrifying-anime-on-reddit-in-2024-that-will-blow-your-mind">2 Related Video About The Ultimate Top 11: Most Electrifying Anime on Reddit in 2024 That Will Blow Your Mind</a></li>
</ul>
</div>
<h2 id="related-video-about-the-ultimate-top-11:-most-electrifying-anime-on-reddit-in-2024-that-will-blow-your-mind">Related Video About The Ultimate Top 11: Most Electrifying Anime on Reddit in 2024 That Will Blow Your Mind</h2>
<p><center></center></p>
<p>The Ultimate Top 11: Most Electrifying Anime on Reddit in 2024 That Will Blow Your Mind</p>
<p><img decoding="async" class="aligncenter" src="https://animemotivation.com/wp-content/uploads/2022/12/mikoto-misaka-wallpaper-anime-electricity-shock-princess.jpg" alt="The Ultimate Top 11: Most Electrifying Anime on Reddit in 2024 That Will Blow Your Mind" width="600" /></p>
<p>As an avid anime fan and regular Reddit user, I was curious to see which anime shows had captured the hearts of the community in 2024. After scouring the site and gathering the data, I&#8217;m excited to share with you the top 11 most voted anime on Reddit this year. From epic sci-fi adventures to heartwarming slice-of-life dramas, this list has it all.</p>
<p>Before I dive into the rankings, I want to share a personal anecdote that highlights the power of the Reddit anime community. Last year, I stumbled upon a post in the r/anime subreddit asking for recommendations on shows similar to &quot;Attack on Titan.&quot; Being a huge fan of the series, I joined the discussion and shared my own favorite anime that explored similar themes. Not only did I get some great recommendations, but I also connected with fellow fans who shared my passion.</p>
]]></content:encoded>
					
		
		
			</item>
	</channel>
</rss>
