<?xml version="1.0" encoding="UTF-8"?><rss version="2.0"
	xmlns:content="http://purl.org/rss/1.0/modules/content/"
	xmlns:wfw="http://wellformedweb.org/CommentAPI/"
	xmlns:dc="http://purl.org/dc/elements/1.1/"
	xmlns:atom="http://www.w3.org/2005/Atom"
	xmlns:sy="http://purl.org/rss/1.0/modules/syndication/"
	xmlns:slash="http://purl.org/rss/1.0/modules/slash/"
	>

<channel>
	<title>10 &#8211; Views Update</title>
	<atom:link href="/tag/10/feed/" rel="self" type="application/rss+xml" />
	<link></link>
	<description></description>
	<lastBuildDate>Thu, 19 Sep 2024 03:50:00 +0000</lastBuildDate>
	<language>en-US</language>
	<sy:updatePeriod>
	hourly	</sy:updatePeriod>
	<sy:updateFrequency>
	1	</sy:updateFrequency>
	<generator>https://wordpress.org/?v=6.6.2</generator>
	<item>
		<title>The Ultimate Showdown: 10 Anime Characters That Will Dominate 2024</title>
		<link>/the-ultimate-showdown-10-anime-characters-that-will-dominate-2024/</link>
		
		<dc:creator><![CDATA[Admin]]></dc:creator>
		<pubDate>Thu, 19 Sep 2024 03:50:00 +0000</pubDate>
				<category><![CDATA[Anime]]></category>
		<category><![CDATA[10]]></category>
		<category><![CDATA[2024]]></category>
		<category><![CDATA[anime]]></category>
		<category><![CDATA[characters]]></category>
		<category><![CDATA[dominate]]></category>
		<category><![CDATA[showdown]]></category>
		<category><![CDATA[that]]></category>
		<category><![CDATA[ultimate]]></category>
		<guid isPermaLink="false">/the-ultimate-showdown-10-anime-characters-that-will-dominate-2024/</guid>

					<description><![CDATA[Related of The Ultimate Showdown: 10 Anime Characters That Will Dominate 2024 2024&#8217;s Uplifting Icons:...]]></description>
										<content:encoded><![CDATA[<h2 id="related-of-the-ultimate-showdown:-10-anime-characters-that-will-dominate-2024">Related of The Ultimate Showdown: 10 Anime Characters That Will Dominate 2024</h2>
<ul>
<li><a href="/2024s-uplifting-icons-top-10-anime-characters-to-fuel-your-inner-strength/">2024&#8217;s Uplifting Icons: Top 10 Anime Characters To Fuel Your Inner Strength</a></li>
<li><a href="/10-mind-blowing-anime-of-2024-you-wont-regret-watching/">10 Mind-Blowing Anime Of 2024 You Won&#8217;t Regret Watching</a></li>
<li><a href="/electric-2024-anime-lineup-7-most-thrilling-shows-to-watch/">Electric 2024 Anime Lineup: 7 Most Thrilling Shows To Watch</a></li>
<li><a href="/heartfelt-anime-moments-of-2024-20-scenes-that-touched-our-souls/">Heartfelt Anime Moments Of 2024: 20 Scenes That Touched Our Souls</a></li>
<li><a href="/6-heart-wrenching-anime-moments-of-2024-that-left-us-breathless/">&quot;6 Heart-Wrenching Anime Moments Of 2024 That Left Us Breathless&quot;</a></li>
</ul>
<div id="toc">
<h2>Table of Content</h2>
<ul>
<li><a href="#related-of-the-ultimate-showdown:-10-anime-characters-that-will-dominate-2024">1 Related of The Ultimate Showdown: 10 Anime Characters That Will Dominate 2024</a></li>
<li><a href="#related-video-about-the-ultimate-showdown:-10-anime-characters-that-will-dominate-2024">2 Related Video About The Ultimate Showdown: 10 Anime Characters That Will Dominate 2024</a></li>
</ul>
</div>
<h2 id="related-video-about-the-ultimate-showdown:-10-anime-characters-that-will-dominate-2024">Related Video About The Ultimate Showdown: 10 Anime Characters That Will Dominate 2024</h2>
<p><center></center></p>
<p>The Ultimate Showdown: 10 Anime Characters That Will Dominate 2024</p>
<p><img decoding="async" class="aligncenter" src="https://metatierlist.com/wp-content/uploads/2023/12/anime-showdown-tier-list-1024x479.jpg" alt="The Ultimate Showdown: 10 Anime Characters That Will Dominate 2024" width="600" /></p>
<p>Anime has always been a world of endless imagination, vibrant colors, and unforgettable characters. As we dive into the realm of 2024, the landscape of anime fandom is teeming with fresh faces and returning legends, all vying for the top spot in the hearts of fans worldwide. As an anime enthusiast who&#8217;s spent countless hours binge-watching shows and scouring the depths of online forums, I&#8217;m excited to share my take on the top 10 most popular anime characters that will be dominating 2024. From heroes to villains, and from rookies to veterans, these powerhouses are sure to make an impact that will leave a lasting impression on the anime community.</p>
<ol start="10">
]]></content:encoded>
					
		
		
			</item>
		<item>
		<title>Electrifying 2024: Top 10 Most Anticipated Anime Series Revealed</title>
		<link>/electrifying-2024-top-10-most-anticipated-anime-series-revealed/</link>
		
		<dc:creator><![CDATA[Admin]]></dc:creator>
		<pubDate>Wed, 18 Sep 2024 16:56:00 +0000</pubDate>
				<category><![CDATA[Anime]]></category>
		<category><![CDATA[10]]></category>
		<category><![CDATA[2024]]></category>
		<category><![CDATA[anime]]></category>
		<category><![CDATA[anticipated]]></category>
		<category><![CDATA[electrifying]]></category>
		<category><![CDATA[most]]></category>
		<category><![CDATA[revealed]]></category>
		<category><![CDATA[series]]></category>
		<category><![CDATA[top]]></category>
		<guid isPermaLink="false">/electrifying-2024-top-10-most-anticipated-anime-series-revealed/</guid>

					<description><![CDATA[Related of Electrifying 2024: Top 10 Most Anticipated Anime Series Revealed 2024&#8217;s Anime Revolution: Unveiling...]]></description>
										<content:encoded><![CDATA[<h2 id="related-of-electrifying-2024:-top-10-most-anticipated-anime-series-revealed">Related of Electrifying 2024: Top 10 Most Anticipated Anime Series Revealed</h2>
<ul>
<li><a href="/2024s-anime-revolution-unveiling-the-top-10-highest-rated-shows-so-far/">2024&#8217;s Anime Revolution: Unveiling The Top 10 Highest Rated Shows So Far</a></li>
<li><a href="/incredible-anime-icons-top-10-best-anime-characters-of-2024-that-will-leave-you-wanting-more/">Incredible Anime Icons: Top 10 Best Anime Characters Of 2024 That Will Leave You Wanting More</a></li>
<li><a href="/6-powerful-anime-characters-youll-relate-to-in-2024/">6 Powerful Anime Characters You&#8217;ll Relate To In 2024</a></li>
<li><a href="/electrifying-the-big-screen-top-7-anime-blockbusters-dominating-2024/">Electrifying The Big Screen: Top 7 Anime Blockbusters Dominating 2024</a></li>
<li><a href="/mind-blowing-anime-revival-top-10-must-watch-adaptations-in-2024/">Mind-Blowing Anime Revival: Top 10 Must-Watch Adaptations In 2024</a></li>
</ul>
<div id="toc">
<h2>Table of Content</h2>
<ul>
<li><a href="#related-of-electrifying-2024:-top-10-most-anticipated-anime-series-revealed">1 Related of Electrifying 2024: Top 10 Most Anticipated Anime Series Revealed</a></li>
<li><a href="#related-video-about-electrifying-2024:-top-10-most-anticipated-anime-series-revealed">2 Related Video About Electrifying 2024: Top 10 Most Anticipated Anime Series Revealed</a></li>
</ul>
</div>
<h2 id="related-video-about-electrifying-2024:-top-10-most-anticipated-anime-series-revealed">Related Video About Electrifying 2024: Top 10 Most Anticipated Anime Series Revealed</h2>
<p><center></center></p>
<p><strong>Electrifying 2024: Top 10 Most Anticipated Anime Series Revealed</strong></p>
<p><img decoding="async" class="aligncenter" src="https://editors.dexerto.com/wp-content/uploads/2023/12/14/highly-anticipated-anime-2024-1.jpg" alt="Electrifying 2024: Top 10 Most Anticipated Anime Series Revealed" width="600" /></p>
<p>As the new year rolls in, anime enthusiasts around the world are abuzz with excitement. The year 2024 promises to be an electrifying one for anime fans, with a slew of highly anticipated series set to premiere. From action-packed adventures to heartwarming dramas, this year&#8217;s lineup has something for everyone.</p>
<p>As an anime aficionado myself, I&#8217;m thrilled to share my top 10 picks for the most anticipated anime series of 2024. These shows have already generated significant buzz in the anime community, and I&#8217;m confident they&#8217;ll live up to the hype.</p>
]]></content:encoded>
					
		
		
			</item>
		<item>
		<title>Sensational Anime Takeover: Top 10 Shows To Dominate 2024</title>
		<link>/sensational-anime-takeover-top-10-shows-to-dominate-2024/</link>
		
		<dc:creator><![CDATA[Admin]]></dc:creator>
		<pubDate>Wed, 18 Sep 2024 12:55:00 +0000</pubDate>
				<category><![CDATA[Anime]]></category>
		<category><![CDATA[10]]></category>
		<category><![CDATA[2024]]></category>
		<category><![CDATA[anime]]></category>
		<category><![CDATA[dominate]]></category>
		<category><![CDATA[sensational]]></category>
		<category><![CDATA[shows]]></category>
		<category><![CDATA[takeover]]></category>
		<category><![CDATA[to]]></category>
		<category><![CDATA[top]]></category>
		<guid isPermaLink="false">/sensational-anime-takeover-top-10-shows-to-dominate-2024/</guid>

					<description><![CDATA[Related of Sensational Anime Takeover: Top 10 Shows to Dominate 2024 EPIC: Top 10 Most...]]></description>
										<content:encoded><![CDATA[<h2 id="related-of-sensational-anime-takeover:-top-10-shows-to-dominate-2024">Related of Sensational Anime Takeover: Top 10 Shows to Dominate 2024</h2>
<ul>
<li><a href="/epic-top-10-most-popular-anime-of-2024-you-cant-miss/">EPIC: Top 10 Most Popular Anime Of 2024 You Can&#8217;t Miss</a></li>
<li><a href="/mind-blowing-masterpiece-2024s-anime-of-the-year-echoes-of-eternity-leaves-fans-in-awe/">&quot;Mind-Blowing Masterpiece: 2024&#8217;s Anime Of The Year &#8211; &#8216;Echoes Of Eternity&#8217; Leaves Fans In Awe&quot;</a></li>
<li><a href="/trending-anime-in-2024-5-unstoppable-shows-that-will-dominate-your-watchlist/">Trending Anime In 2024: 5 Unstoppable Shows That Will Dominate Your Watchlist</a></li>
<li><a href="/10-phenomenal-anime-shows-to-obsess-over-in-2024/">10 Phenomenal Anime Shows To Obsess Over In 2024</a></li>
<li><a href="/2024s-most-electrifying-anime-top-10-shows-that-are-taking-the-world-by-storm-right-now/">2024&#8217;s Most Electrifying Anime: Top 10 Shows That Are Taking The World By Storm Right Now</a></li>
</ul>
<div id="toc">
<h2>Table of Content</h2>
<ul>
<li><a href="#related-of-sensational-anime-takeover:-top-10-shows-to-dominate-2024">1 Related of Sensational Anime Takeover: Top 10 Shows to Dominate 2024</a></li>
<li><a href="#related-video-about-sensational-anime-takeover:-top-10-shows-to-dominate-2024">2 Related Video About Sensational Anime Takeover: Top 10 Shows to Dominate 2024</a></li>
</ul>
</div>
<h2 id="related-video-about-sensational-anime-takeover:-top-10-shows-to-dominate-2024">Related Video About Sensational Anime Takeover: Top 10 Shows to Dominate 2024</h2>
<p><center><iframe name="view" width="560" height="315" src="https://www.youtube.com/embed/mVSTBJmGxeQ" frameborder="0" allowfullscreen></iframe></center></p>
<p>Sensational Anime Takeover: Top 10 Shows to Dominate 2024</p>
<p><img decoding="async" class="aligncenter" src="https://therecenttimes.com/wp-content/uploads/2021/02/top-10-1024x576.jpg" alt="Sensational Anime Takeover: Top 10 Shows to Dominate 2024" width="600" /></p>
<p>As we dive into 2024, the world of anime is buzzing with excitement. New shows are emerging, and old favorites are returning with a bang. As an anime enthusiast, I&#8217;m thrilled to share with you my expert analysis of the most anticipated anime of the year. From action-packed adventures to heartwarming romances, we&#8217;ve got the scoop on the top 10 anime shows that are set to dominate 2024.</p>
<p><strong>10. Chainsaw Man: The Darker Side of Heroism</strong></p>
]]></content:encoded>
					
		
		
			</item>
		<item>
		<title>Epic Top 10 Mecha Anime Of 2024 That Will Blow Your Mind</title>
		<link>/epic-top-10-mecha-anime-of-2024-that-will-blow-your-mind/</link>
		
		<dc:creator><![CDATA[Admin]]></dc:creator>
		<pubDate>Wed, 18 Sep 2024 02:05:00 +0000</pubDate>
				<category><![CDATA[Anime]]></category>
		<category><![CDATA[10]]></category>
		<category><![CDATA[2024]]></category>
		<category><![CDATA[anime]]></category>
		<category><![CDATA[blow]]></category>
		<category><![CDATA[epic]]></category>
		<category><![CDATA[mecha]]></category>
		<category><![CDATA[mind]]></category>
		<category><![CDATA[that]]></category>
		<category><![CDATA[top]]></category>
		<category><![CDATA[your]]></category>
		<guid isPermaLink="false">/epic-top-10-mecha-anime-of-2024-that-will-blow-your-mind/</guid>

					<description><![CDATA[Related of Epic Top 10 Mecha Anime of 2024 That Will Blow Your Mind Heartfelt...]]></description>
										<content:encoded><![CDATA[<h2 id="related-of-epic-top-10-mecha-anime-of-2024-that-will-blow-your-mind">Related of Epic Top 10 Mecha Anime of 2024 That Will Blow Your Mind</h2>
<ul>
<li><a href="/heartfelt-anime-moments-of-2024-20-scenes-that-touched-our-souls/">Heartfelt Anime Moments Of 2024: 20 Scenes That Touched Our Souls</a></li>
<li><a href="/the-elite-10-unstoppable-anime-characters-dominating-2024/">The Elite 10: Unstoppable Anime Characters Dominating 2024</a></li>
<li><a href="/2024s-top-10-hidden-gems-youve-overlooked-in-the-anime-world/">2024&#8217;s Top 10 Hidden Gems You&#8217;ve Overlooked In The Anime World</a></li>
<li><a href="/mind-blowing-anime-moments-of-2024-top-10-scenes-that-left-us-speechless/">Mind-Blowing Anime Moments Of 2024: Top 10 Scenes That Left Us Speechless</a></li>
<li><a href="/the-sensational-5-anime-dominating-the-2024-charts-right-now/">The  Sensational 5 Anime Dominating The 2024 Charts Right Now</a></li>
</ul>
<div id="toc">
<h2>Table of Content</h2>
<ul>
<li><a href="#related-of-epic-top-10-mecha-anime-of-2024-that-will-blow-your-mind">1 Related of Epic Top 10 Mecha Anime of 2024 That Will Blow Your Mind</a></li>
<li><a href="#related-video-about-epic-top-10-mecha-anime-of-2024-that-will-blow-your-mind">2 Related Video About Epic Top 10 Mecha Anime of 2024 That Will Blow Your Mind</a></li>
</ul>
</div>
<h2 id="related-video-about-epic-top-10-mecha-anime-of-2024-that-will-blow-your-mind">Related Video About Epic Top 10 Mecha Anime of 2024 That Will Blow Your Mind</h2>
<p><center></center></p>
<p>Epic Top 10 Mecha Anime of 2024 That Will Blow Your Mind</p>
<p><img decoding="async" class="aligncenter" src="" alt="Epic Top 10 Mecha Anime of 2024 That Will Blow Your Mind" width="600" /></p>
<p>Hey there, mecha fans. If you&#8217;re anything like me, you&#8217;re always on the lookout for the next epic anime to devour. And what&#8217;s more epic than a good mecha anime? From the adrenaline-fueled action sequences to the emotional character development, mecha anime has a way of captivating us like no other genre can. So, without further ado, here&#8217;s my list of the top 10 mecha anime of 2024 that will blow your mind.</p>
<ol>
]]></content:encoded>
					
		
		
			</item>
		<item>
		<title>Most Electrifying Anime Of 2024: The Top 10 Charting Shows That Will Ignite Your Passion</title>
		<link>/most-electrifying-anime-of-2024-the-top-10-charting-shows-that-will-ignite-your-passion/</link>
		
		<dc:creator><![CDATA[Admin]]></dc:creator>
		<pubDate>Tue, 17 Sep 2024 21:59:00 +0000</pubDate>
				<category><![CDATA[Anime]]></category>
		<category><![CDATA[10]]></category>
		<category><![CDATA[2024]]></category>
		<category><![CDATA[anime]]></category>
		<category><![CDATA[charting]]></category>
		<category><![CDATA[electrifying]]></category>
		<category><![CDATA[ignite]]></category>
		<category><![CDATA[most]]></category>
		<category><![CDATA[passion]]></category>
		<category><![CDATA[shows]]></category>
		<category><![CDATA[that]]></category>
		<category><![CDATA[top]]></category>
		<category><![CDATA[your]]></category>
		<guid isPermaLink="false">/most-electrifying-anime-of-2024-the-top-10-charting-shows-that-will-ignite-your-passion/</guid>

					<description><![CDATA[Related of Most Electrifying Anime of 2024: The Top 10 Charting Shows That Will Ignite...]]></description>
										<content:encoded><![CDATA[<h2 id="related-of-most-electrifying-anime-of-2024:-the-top-10-charting-shows-that-will-ignite-your-passion">Related of Most Electrifying Anime of 2024: The Top 10 Charting Shows That Will Ignite Your Passion</h2>
<ul>
<li><a href="/2024s-anime-revolution-5-shows-thatll-dominate-the-scene/">2024&#8217;s Anime Revolution: 5 Shows That&#8217;ll Dominate The Scene</a></li>
<li><a href="/the-10-most-heart-shattering-anime-moments-that-will-leave-you-breathless-in-2024/">The 10 Most Heart-Shattering Anime Moments That Will Leave You Breathless In 2024</a></li>
<li><a href="/top-10-mind-blowing-anime-scenes-of-2024-that-left-us-speechless/">Top 10 Mind-Blowing Anime Scenes Of 2024 That Left Us Speechless</a></li>
<li><a href="/most-electrifying-anime-scenes-of-2024-so-far-10-moments-that-left-us-breathless/">Most Electrifying Anime Scenes Of 2024 So Far: 10 Moments That Left Us Breathless</a></li>
<li><a href="/2024s-most-electrifying-anime-top-7-series-fueling-the-fandom-frenzy/">2024&#8217;s Most Electrifying Anime: Top 7 Series Fueling The Fandom Frenzy</a></li>
</ul>
<div id="toc">
<h2>Table of Content</h2>
<ul>
<li><a href="#related-of-most-electrifying-anime-of-2024:-the-top-10-charting-shows-that-will-ignite-your-passion">1 Related of Most Electrifying Anime of 2024: The Top 10 Charting Shows That Will Ignite Your Passion</a></li>
<li><a href="#related-video-about-most-electrifying-anime-of-2024:-the-top-10-charting-shows-that-will-ignite-your-passion">2 Related Video About Most Electrifying Anime of 2024: The Top 10 Charting Shows That Will Ignite Your Passion</a></li>
</ul>
</div>
<h2 id="related-video-about-most-electrifying-anime-of-2024:-the-top-10-charting-shows-that-will-ignite-your-passion">Related Video About Most Electrifying Anime of 2024: The Top 10 Charting Shows That Will Ignite Your Passion</h2>
<p><center><iframe name="view" width="560" height="315" src="https://www.youtube.com/embed/rvtNPCDhu24" frameborder="0" allowfullscreen></iframe></center></p>
<p>Most Electrifying Anime of 2024: The Top 10 Charting Shows That Will Ignite Your Passion</p>
<p><img decoding="async" class="aligncenter" src="https://preview.redd.it/top-10-anime-of-the-week-fall-2022-anime-corner-v0-v4ejcg5vnbz91.png?auto=webpu0026s=84c632c003d3b9638d71caa651b38942d7d10391" alt="Most Electrifying Anime of 2024: The Top 10 Charting Shows That Will Ignite Your Passion" width="600" /></p>
<p>As an anime enthusiast, I&#8217;m always on the lookout for the next big hit. And let me tell you, this year has already delivered some truly remarkable shows. From action-packed adventures to heartwarming rom-coms, 2024 has been a phenomenal year for anime. In this article, I&#8217;ll be counting down the top 10 most watched anime of 2024, and sharing my thoughts on what makes them so electrifying.</p>
<p>But before we dive in, I want to share a personal anecdote. I&#8217;ve been an anime fan for as long as I can remember, and I&#8217;ve seen my fair share of shows come and go. But there&#8217;s something about the current crop of anime that has me hooked. Maybe it&#8217;s the engaging characters, the stunning animation, or the thought-provoking storylines. Whatever it is, I&#8217;m hooked, and I&#8217;m excited to share my top picks with you.</p>
]]></content:encoded>
					
		
		
			</item>
		<item>
		<title>10 Anime Powerhouses That Dominate The Screens In 2024 With Unrelenting Consistency</title>
		<link>/10-anime-powerhouses-that-dominate-the-screens-in-2024-with-unrelenting-consistency/</link>
		
		<dc:creator><![CDATA[Admin]]></dc:creator>
		<pubDate>Mon, 16 Sep 2024 09:51:00 +0000</pubDate>
				<category><![CDATA[Anime]]></category>
		<category><![CDATA[10]]></category>
		<category><![CDATA[2024]]></category>
		<category><![CDATA[anime]]></category>
		<category><![CDATA[consistency]]></category>
		<category><![CDATA[dominate]]></category>
		<category><![CDATA[powerhouses]]></category>
		<category><![CDATA[screens]]></category>
		<category><![CDATA[that]]></category>
		<category><![CDATA[unrelenting]]></category>
		<guid isPermaLink="false">/10-anime-powerhouses-that-dominate-the-screens-in-2024-with-unrelenting-consistency/</guid>

					<description><![CDATA[Related of 10 Anime Powerhouses That Dominate the Screens in 2024 with Unrelenting Consistency 5...]]></description>
										<content:encoded><![CDATA[<h2 id="related-of-10-anime-powerhouses-that-dominate-the-screens-in-2024-with-unrelenting-consistency">Related of 10 Anime Powerhouses That Dominate the Screens in 2024 with Unrelenting Consistency</h2>
<ul>
<li><a href="/5-must-watch-anime-series-of-2024-that-will-blow-your-mind/">5 Must-Watch Anime Series Of 2024 That Will Blow Your Mind</a></li>
<li><a href="/electrifying-anime-of-2024-top-10-chart-toppers-you-need-to-binge-watch-right-now/">Electrifying Anime Of 2024: Top 10 Chart Toppers You Need To Binge-Watch Right Now</a></li>
<li><a href="/unleash-the-magic-7-breathtaking-anime-of-2024-you-cant-afford-to-miss/">Unleash The Magic: 7 Breathtaking Anime Of 2024 You Can&#8217;t Afford To Miss</a></li>
<li><a href="/the-elite-10-unstoppable-anime-characters-dominating-2024/">The Elite 10: Unstoppable Anime Characters Dominating 2024</a></li>
<li><a href="/epic-anime-duos-of-2024-the-unstoppable-top-10/">EPIC Anime Duos Of 2024: The Unstoppable Top 10</a></li>
</ul>
<div id="toc">
<h2>Table of Content</h2>
<ul>
<li><a href="#related-of-10-anime-powerhouses-that-dominate-the-screens-in-2024-with-unrelenting-consistency">1 Related of 10 Anime Powerhouses That Dominate the Screens in 2024 with Unrelenting Consistency</a></li>
<li><a href="#related-video-about-10-anime-powerhouses-that-dominate-the-screens-in-2024-with-unrelenting-consistency">2 Related Video About 10 Anime Powerhouses That Dominate the Screens in 2024 with Unrelenting Consistency</a></li>
</ul>
</div>
<h2 id="related-video-about-10-anime-powerhouses-that-dominate-the-screens-in-2024-with-unrelenting-consistency">Related Video About 10 Anime Powerhouses That Dominate the Screens in 2024 with Unrelenting Consistency</h2>
<p><center></center></p>
<p>10 Anime Powerhouses That Dominate the Screens in 2024 with Unrelenting Consistency</p>
<p><img decoding="async" class="aligncenter" src="https://cdn.cloudtek.vn/images/2023/07/16/hocmarketing-org-og-25889-unleashing-unprecedented-power-the-ultimate-10-anime-powerhouses.jpg" alt="10 Anime Powerhouses That Dominate the Screens in 2024 with Unrelenting Consistency" width="600" /></p>
<p>As an anime enthusiast, I&#8217;ve always been drawn to shows that can consistently deliver high-quality storytelling, well-developed characters, and captivating plot twists. With the vast array of anime series available today, it can be challenging to find those that truly stand out from the rest. However, after careful consideration and reflection on my own viewing experiences, I&#8217;ve compiled a list of the top 10 most consistent anime in 2024 that are sure to captivate audiences with their unrelenting consistency.</p>
<ol>
]]></content:encoded>
					
		
		
			</item>
		<item>
		<title>The 10 Most Heart-Shattering Anime Moments That Will Leave You Breathless In 2024</title>
		<link>/the-10-most-heart-shattering-anime-moments-that-will-leave-you-breathless-in-2024/</link>
		
		<dc:creator><![CDATA[Admin]]></dc:creator>
		<pubDate>Mon, 16 Sep 2024 05:29:00 +0000</pubDate>
				<category><![CDATA[Anime]]></category>
		<category><![CDATA[10]]></category>
		<category><![CDATA[2024]]></category>
		<category><![CDATA[anime]]></category>
		<category><![CDATA[breathless]]></category>
		<category><![CDATA[heartshattering]]></category>
		<category><![CDATA[leave]]></category>
		<category><![CDATA[moments]]></category>
		<category><![CDATA[most]]></category>
		<category><![CDATA[that]]></category>
		<category><![CDATA[you]]></category>
		<guid isPermaLink="false">/the-10-most-heart-shattering-anime-moments-that-will-leave-you-breathless-in-2024/</guid>

					<description><![CDATA[Related of The 10 Most Heart-Shattering Anime Moments That Will Leave You Breathless in 2024...]]></description>
										<content:encoded><![CDATA[<h2 id="related-of-the-10-most-heart-shattering-anime-moments-that-will-leave-you-breathless-in-2024">Related of The 10 Most Heart-Shattering Anime Moments That Will Leave You Breathless in 2024</h2>
<ul>
<li><a href="/2024s-most-jaw-dropping-anime-moments-10-plot-twists-that-left-us-speechless/">2024&#8217;s Most Jaw-Dropping Anime Moments: 10 Plot Twists That Left Us Speechless</a></li>
<li><a href="/sensational-anime-of-2024-7-reasons-why-ouroboros-is-leaving-everyone-speechless/">&quot;Sensational Anime Of 2024: 7 Reasons Why &#8216;Ouroboros&#8217; Is Leaving Everyone Speechless</a></li>
<li><a href="/10-life-changing-anime-masterpieces-to-obsess-over-in-2024/">10 Life-Changing Anime Masterpieces To Obsess Over In 2024</a></li>
<li><a href="/electric-explosion-top-5-breakout-anime-of-2024-that-will-leave-you-breathless/">&quot;Electric Explosion: Top 5 Breakout Anime Of 2024 That Will Leave You Breathless&quot;</a></li>
<li><a href="/best-anime-showdowns-of-2024-7-electrifying-battles-that-ignite-the-screen/">Best Anime Showdowns Of 2024: 7 Electrifying Battles That Ignite The Screen</a></li>
</ul>
<div id="toc">
<h2>Table of Content</h2>
<ul>
<li><a href="#related-of-the-10-most-heart-shattering-anime-moments-that-will-leave-you-breathless-in-2024">1 Related of The 10 Most Heart-Shattering Anime Moments That Will Leave You Breathless in 2024</a></li>
<li><a href="#related-video-about-the-10-most-heart-shattering-anime-moments-that-will-leave-you-breathless-in-2024">2 Related Video About The 10 Most Heart-Shattering Anime Moments That Will Leave You Breathless in 2024</a></li>
</ul>
</div>
<h2 id="related-video-about-the-10-most-heart-shattering-anime-moments-that-will-leave-you-breathless-in-2024">Related Video About The 10 Most Heart-Shattering Anime Moments That Will Leave You Breathless in 2024</h2>
<p><center><iframe name="view" width="560" height="315" src="https://www.youtube.com/embed/pIrbvUO5ZFs" frameborder="0" allowfullscreen></iframe></center></p>
<p>The 10 Most Heart-Shattering Anime Moments That Will Leave You Breathless in 2024</p>
<p><img decoding="async" class="aligncenter" src="https://beebom.com/wp-content/uploads/2023/05/best-heartbreaking-sad-anime.jpg" alt="The 10 Most Heart-Shattering Anime Moments That Will Leave You Breathless in 2024" width="600" /></p>
<p>As an anime enthusiast, you&#8217;re probably no stranger to having your emotions expertly manipulated by the creators of your favorite shows. From intense action sequences to poignant character backstories, anime has a way of making us laugh, cry, and cheer for the characters we&#8217;ve grown to love. </p>
<p>But what about those moments that leave us utterly breathless and heartbroken? The ones that make us question everything we thought we knew about the story and its characters. Those are the moments that stay with us long after the credits roll, haunting our thoughts and lingering in our hearts.</p>
]]></content:encoded>
					
		
		
			</item>
		<item>
		<title>Dominating The Top 10: Unstoppable Anime Series Of 2024</title>
		<link>/dominating-the-top-10-unstoppable-anime-series-of-2024/</link>
		
		<dc:creator><![CDATA[Admin]]></dc:creator>
		<pubDate>Sun, 15 Sep 2024 04:32:00 +0000</pubDate>
				<category><![CDATA[Anime]]></category>
		<category><![CDATA[10]]></category>
		<category><![CDATA[2024]]></category>
		<category><![CDATA[anime]]></category>
		<category><![CDATA[dominating]]></category>
		<category><![CDATA[series]]></category>
		<category><![CDATA[top]]></category>
		<category><![CDATA[unstoppable]]></category>
		<guid isPermaLink="false">/dominating-the-top-10-unstoppable-anime-series-of-2024/</guid>

					<description><![CDATA[Related of Dominating the Top 10: Unstoppable Anime Series of 2024 &#34;9 Electrifying Anime Moments...]]></description>
										<content:encoded><![CDATA[<h2 id="related-of-dominating-the-top-10:-unstoppable-anime-series-of-2024">Related of Dominating the Top 10: Unstoppable Anime Series of 2024</h2>
<ul>
<li><a href="/9-electrifying-anime-moments-from-2024-that-will-leave-you-breathless/">&quot;9 Electrifying Anime Moments From 2024 That Will Leave You Breathless&quot;</a></li>
<li><a href="/laughter-unleashed-10-anime-moments-from-2024-that-will-leave-you-in-stitches/">Laughter Unleashed: 10 Anime Moments From 2024 That Will Leave You In Stitches</a></li>
<li><a href="/best-anime-showdowns-of-2024-7-electrifying-battles-that-ignite-the-screen/">Best Anime Showdowns Of 2024: 7 Electrifying Battles That Ignite The Screen</a></li>
<li><a href="/electrifying-anime-of-2024-top-10-chart-toppers-you-need-to-binge-watch-right-now/">Electrifying Anime Of 2024: Top 10 Chart Toppers You Need To Binge-Watch Right Now</a></li>
<li><a href="/epic-top-10-most-popular-anime-of-2024-you-cant-miss/">EPIC: Top 10 Most Popular Anime Of 2024 You Can&#8217;t Miss</a></li>
</ul>
<div id="toc">
<h2>Table of Content</h2>
<ul>
<li><a href="#related-of-dominating-the-top-10:-unstoppable-anime-series-of-2024">1 Related of Dominating the Top 10: Unstoppable Anime Series of 2024</a></li>
<li><a href="#related-video-about-dominating-the-top-10:-unstoppable-anime-series-of-2024">2 Related Video About Dominating the Top 10: Unstoppable Anime Series of 2024</a></li>
</ul>
</div>
<h2 id="related-video-about-dominating-the-top-10:-unstoppable-anime-series-of-2024">Related Video About Dominating the Top 10: Unstoppable Anime Series of 2024</h2>
<p><center></center></p>
<p><strong>Dominating the Top 10: Unstoppable Anime Series of 2024</strong></p>
<p><img decoding="async" class="aligncenter" src="https://therecenttimes.com/wp-content/uploads/2021/02/top-10-1024x576.jpg" alt="Dominating the Top 10: Unstoppable Anime Series of 2024" width="600" /></p>
<p>The world of anime has exploded in recent years, with new series popping up left and right. As an anime enthusiast, it can be overwhelming trying to keep up with the latest shows. But fear not, fellow fans, because we&#8217;ve got the scoop on the top anime series of 2024. From action-packed adventures to heartwarming dramas, these shows are dominating the leaderboards and leaving fans wanting more.</p>
<p><strong>10. Hell&#8217;s Paradise: A Gory Gem</strong></p>
]]></content:encoded>
					
		
		
			</item>
		<item>
		<title>Unleash The Fun: 2024&#8217;s 10 Best Anime For Younger Audiences</title>
		<link>/unleash-the-fun-2024s-10-best-anime-for-younger-audiences/</link>
		
		<dc:creator><![CDATA[Admin]]></dc:creator>
		<pubDate>Sun, 15 Sep 2024 01:09:00 +0000</pubDate>
				<category><![CDATA[Anime]]></category>
		<category><![CDATA[10]]></category>
		<category><![CDATA[2024s]]></category>
		<category><![CDATA[anime]]></category>
		<category><![CDATA[audiences]]></category>
		<category><![CDATA[best]]></category>
		<category><![CDATA[fun]]></category>
		<category><![CDATA[unleash]]></category>
		<category><![CDATA[younger]]></category>
		<guid isPermaLink="false">/unleash-the-fun-2024s-10-best-anime-for-younger-audiences/</guid>

					<description><![CDATA[Related of Unleash the Fun: 2024&#8217;s 10 Best Anime for Younger Audiences Revolutionary Anime That...]]></description>
										<content:encoded><![CDATA[<h2 id="related-of-unleash-the-fun:-2024's-10-best-anime-for-younger-audiences">Related of Unleash the Fun: 2024&#8217;s 10 Best Anime for Younger Audiences</h2>
<ul>
<li><a href="/revolutionary-anime-that-took-2024-by-storm-5-groundbreaking-shows/">Revolutionary Anime That Took 2024 By Storm: 5 Groundbreaking Shows</a></li>
<li><a href="/revolutionizing-10-anime-series-breaking-boundaries-in-2024/">Revolutionizing 10 Anime Series Breaking Boundaries In 2024</a></li>
<li><a href="/the-10-most-diabolical-anime-villains-of-2024-that-will-leave-you-shaken/">The 10 Most Diabolical Anime Villains Of 2024 That Will Leave You Shaken</a></li>
<li><a href="/electrifying-anime-collaborations-of-2024-10-unforgettable-team-ups/">Electrifying Anime Collaborations Of 2024: 10 Unforgettable Team-Ups</a></li>
<li><a href="/bursting-with-emotion-top-10-unmissable-romance-anime-of-2024/">&quot;Bursting With Emotion: Top 10 Unmissable Romance Anime Of 2024&quot;</a></li>
</ul>
<div id="toc">
<h2>Table of Content</h2>
<ul>
<li><a href="#related-of-unleash-the-fun:-2024's-10-best-anime-for-younger-audiences">1 Related of Unleash the Fun: 2024&#8217;s 10 Best Anime for Younger Audiences</a></li>
<li><a href="#related-video-about-unleash-the-fun:-2024's-10-best-anime-for-younger-audiences">2 Related Video About Unleash the Fun: 2024&#8217;s 10 Best Anime for Younger Audiences</a></li>
</ul>
</div>
<h2 id="related-video-about-unleash-the-fun:-2024's-10-best-anime-for-younger-audiences">Related Video About Unleash the Fun: 2024&#8217;s 10 Best Anime for Younger Audiences</h2>
<p><center></center></p>
<p>Unleash the Fun: 2024&#8217;s 10 Best Anime for Younger Audiences</p>
<p><img decoding="async" class="aligncenter" src="https://therecenttimes.com/wp-content/uploads/2021/02/top-10-1024x576.jpg" alt="Unleash the Fun: 2024's 10 Best Anime for Younger Audiences" width="600" /></p>
<p>As an anime enthusiast and a parent, I&#8217;m always on the lookout for shows that are both entertaining and suitable for kids. In recent years, anime has become increasingly popular among younger audiences, with its vibrant characters, engaging storylines, and valuable life lessons. In this article, I&#8217;ll be sharing my top picks for the best anime of 2024 that are perfect for kids and kids-at-heart.</p>
<p>But before I dive into my list, I want to share a personal anecdote. When my little niece was hospitalized last year, I introduced her to the world of anime to help lift her spirits. We spent hours watching shows like &quot;My Neighbor Totoro&quot; and &quot;Pokémon,&quot; and I was amazed at how these shows brought a smile to her face and transported her to a world of wonder and magic. From that moment on, I became a firm believer in the power of anime to inspire and uplift younger audiences.</p>
]]></content:encoded>
					
		
		
			</item>
		<item>
		<title>10 Electrifying Anime Sidekicks Who Stole The Scene In 2024</title>
		<link>/10-electrifying-anime-sidekicks-who-stole-the-scene-in-2024/</link>
		
		<dc:creator><![CDATA[Admin]]></dc:creator>
		<pubDate>Fri, 13 Sep 2024 13:16:00 +0000</pubDate>
				<category><![CDATA[Anime]]></category>
		<category><![CDATA[10]]></category>
		<category><![CDATA[2024]]></category>
		<category><![CDATA[anime]]></category>
		<category><![CDATA[electrifying]]></category>
		<category><![CDATA[scene]]></category>
		<category><![CDATA[sidekicks]]></category>
		<category><![CDATA[stole]]></category>
		<category><![CDATA[who]]></category>
		<guid isPermaLink="false">/10-electrifying-anime-sidekicks-who-stole-the-scene-in-2024/</guid>

					<description><![CDATA[Related of 10 Electrifying Anime Sidekicks Who Stole the Scene in 2024 2024&#8217;s Anime Revolution:...]]></description>
										<content:encoded><![CDATA[<h2 id="related-of-10-electrifying-anime-sidekicks-who-stole-the-scene-in-2024">Related of 10 Electrifying Anime Sidekicks Who Stole the Scene in 2024</h2>
<ul>
<li><a href="/2024s-anime-revolution-5-shows-thatll-dominate-the-scene/">2024&#8217;s Anime Revolution: 5 Shows That&#8217;ll Dominate The Scene</a></li>
<li><a href="/electric-the-top-10-game-changing-animated-scenes-in-anime-2024-that-will-blow-your-mind/">&quot;Electric: The Top 10 Game-Changing Animated Scenes In Anime 2024 That Will Blow Your Mind&quot;</a></li>
<li><a href="/anime-masters-top-10-most-dominant-male-characters-of-2024/">Anime Masters: Top 10 Most Dominant Male Characters Of 2024</a></li>
<li><a href="/electrifying-2024-top-8-must-see-new-anime-releases-to-obsess-over/">Electrifying 2024: Top 8 Must-See New Anime Releases To Obsess Over</a></li>
<li><a href="/most-electrifying-anime-scenes-of-2024-so-far-10-moments-that-left-us-breathless/">Most Electrifying Anime Scenes Of 2024 So Far: 10 Moments That Left Us Breathless</a></li>
</ul>
<div id="toc">
<h2>Table of Content</h2>
<ul>
<li><a href="#related-of-10-electrifying-anime-sidekicks-who-stole-the-scene-in-2024">1 Related of 10 Electrifying Anime Sidekicks Who Stole the Scene in 2024</a></li>
<li><a href="#related-video-about-10-electrifying-anime-sidekicks-who-stole-the-scene-in-2024">2 Related Video About 10 Electrifying Anime Sidekicks Who Stole the Scene in 2024</a></li>
</ul>
</div>
<h2 id="related-video-about-10-electrifying-anime-sidekicks-who-stole-the-scene-in-2024">Related Video About 10 Electrifying Anime Sidekicks Who Stole the Scene in 2024</h2>
<p><center></center></p>
<p>10 Electrifying Anime Sidekicks Who Stole the Scene in 2024</p>
<p><img decoding="async" class="aligncenter" src="https://static1.srcdn.com/wordpress/wp-content/uploads/2022/05/Anime-Sidekicks.jpg" alt="10 Electrifying Anime Sidekicks Who Stole the Scene in 2024" width="600" /></p>
<p>As an anime enthusiast, I&#8217;ve often found myself more invested in the supporting characters than the main heroes. There&#8217;s something about their quirky personalities, unexpected backstories, and unwavering dedication that makes them truly unforgettable. In this article, I&#8217;ll be counting down the top 10 supporting characters in 2024 anime who have left an indelible mark on our minds.</p>
<p><strong>10. Renn and Vyrn from Granblue Fantasy The Animation</strong></p>
]]></content:encoded>
					
		
		
			</item>
	</channel>
</rss>
